type,gene.name,id,baseMean,log2FoldChange,lfcSE,stat,pvalue,padj
Endogenous,GATA3,NM_001002295.1,222.30188679245282,-2.401487680020019,0.2523911513192024,-9.51494403614343,1.818107282705475e-21,1.0254125074458878e-18
Endogenous,ERBB2,NM_004448.2,7340.396226415094,3.043463592007913,0.38374858394650085,7.930879016434907,2.176001274058037e-15,6.136323592843664e-13
Endogenous,BMPR1B,NM_001203.1,1166.1132075471698,-3.8558730696277776,0.49120007939148314,-7.849903188950165,4.1635854338454424e-15,7.827540615629432e-13
Endogenous,BCL2,NM_000657.2,271.77358490566036,-1.651858973036479,0.2143282456728515,-7.707145494756021,1.2866308889250248e-14,1.814149553384285e-12
Endogenous,IGF1R,NM_000875.2,1306.433962264151,-2.1178887378823585,0.27739707130299224,-7.634863367281388,2.2606003809943586e-14,2.5499572297616363e-12
Endogenous,MMP7,NM_002423.3,678.811320754717,3.225880566209321,0.42616629731139155,7.569534678271923,3.7456346649034824e-14,3.5208965850092737e-12
Endogenous,SUV39H2,NM_024670.3,273.64150943396226,1.0930353604187244,0.14723447722904295,7.423773160944916,1.138300473245467e-13,9.171449527292048e-12
Endogenous,PROM1,NM_006017.1,344.3207547169811,2.7903079526869523,0.3939999662578931,7.08200048641769,1.4208815876681418e-12,1.00172151930604e-10
Endogenous,TCF7L1,NM_031283.1,173,1.4434645838421616,0.21274610914009753,6.784916488844511,1.1615368029541962e-11,7.278963965179629e-10
Endogenous,CCNE1,NM_001238.1,98.33962264150944,1.2961650525086628,0.19676071698410513,6.587519462095528,4.472353761277694e-11,2.5224075213606194e-9
Endogenous,EZH2,NM_004456.3,534.1698113207547,0.9900668647091314,0.15514003810407048,6.381762418061148,1.7506141543365627e-10,8.975876209507467e-9
Endogenous,BRCA2,NM_000059.3,115.9622641509434,0.8705262749006142,0.1373532343517201,6.337865132985946,2.3297061472862574e-10,1.094961889224541e-8
Endogenous,ITGB4,NM_001005731.1,387.5660377358491,1.3433722165542152,0.22111334291450838,6.0754914147067955,1.2360859357613906e-9,5.3627112905340337e-8
Endogenous,MYB,NM_005375.2,621.4150943396227,-1.6906315363208408,0.2795574549782185,-6.047527999038928,1.4708511194020278e-9,5.925428795305312e-8
Endogenous,MAML2,NM_032427.1,166.83018867924528,0.8474116613290669,0.14192000111281539,5.971051681823483,2.357290480474917e-9,8.863412206585688e-8
Endogenous,CACNA1D,NM_000720.2,130.83018867924528,-1.6557395207620684,0.28254269375371965,-5.860139219191085,4.624792769026191e-9,1.6302394510817323e-7
Endogenous,THBS4,NM_003248.3,540.88679245283015,-2.3546006849375964,0.40777825386875616,-5.774218371378448,7.73111195460757e-9,2.564910083763923e-7
Endogenous,SKP2,NM_005983.2,319.75471698113205,0.75742819001414,0.13460631702276143,5.626988441308157,1.833830105399513e-8,5.746000996918474e-7
Endogenous,IKBKB,NM_001556.1,346.1698113207547,-0.6911602580656215,0.1263557474543626,-5.469955043519141,4.5014974709534984e-8,1.3362339861146176e-6
Endogenous,PRKX,NM_005044.1,111.86792452830188,0.9881907578139549,0.18126098373088034,5.451756563790528,4.987469985885327e-8,1.4064665360196621e-6
Endogenous,EGFR,NM_201282.1,258.1509433962264,1.5398364373430706,0.2869642256795492,5.365952615510319,8.052308111447697e-8,2.16261989278881e-6
Endogenous,MAP3K12,NM_006301.2,74.28301886792453,-0.8218294853140324,0.156641099590825,-5.246576329333746,1.5495166841780184e-7,3.972397317620011e-6
Endogenous,ID4,NM_001546.2,196.28301886792454,1.347694609983874,0.2600619659871461,5.182205728808824,2.1927715599459278e-7,5.377057216563057e-6
Endogenous,MET,NM_000245.2,152.60377358490567,1.31009053790565,0.2536215391139404,5.165533426232726,2.397541753041446e-7,5.634223119647398e-6
Endogenous,CUL1,NM_003592.2,759.3018867924528,0.41193757318918406,0.07999647815048241,5.149446359554516,2.6125647451499393e-7,5.8939460650582625e-6
Endogenous,LEF1,NM_016269.3,170.9056603773585,-1.1598867962878083,0.2285494949145595,-5.07499172869062,3.875128577864076e-7,8.406048145828226e-6
Endogenous,CDC6,NM_001254.3,285.9433962264151,1.2802857290101213,0.25372864497662245,5.045885651295232,4.5142534584442177e-7,9.429773890972367e-6
Endogenous,DTX3,NM_178502.2,150.18867924528303,-0.8676585500391055,0.17363470667467482,-4.997034099091529,5.821877707875841e-7,1.1484269094549315e-5
Endogenous,CHEK2,NM_007194.3,116.64150943396227,0.6529532840831093,0.13073976610778493,4.994297477515749,5.905031981239897e-7,1.1484269094549315e-5
Endogenous,RFC3,NM_002915.3,316.2641509433962,0.7460299350820936,0.15097132665524818,4.941533942969823,7.751031879285309e-7,1.457193993305638e-5
Endogenous,SKP1,NM_170679.2,3221.3396226415093,-0.4911034210717581,0.09994849320725512,-4.913565030474213,8.943504929022161e-7,1.5827953673555195e-5
Housekeeping,TMUB2,NM_024107.2,455.79245283018867,-0.48356253640761565,0.09842994801930029,-4.912758221845225,8.980399247407204e-7,1.5827953673555195e-5
Endogenous,APH1B,NM_001145646.1,63.867924528301884,-0.9243092042535335,0.19177202445622235,-4.819833377023844,1.4367817071034305e-6,2.4555905539585903e-5
Endogenous,CDK6,NM_001259.5,176.18867924528303,0.9542712568611498,0.19829829738281263,4.812301817291653,1.4920180027819198e-6,2.4749945693205965e-5
Endogenous,HHEX,NM_002729.4,234.41509433962264,-1.0554282187284683,0.21991252046649326,-4.799309363967194,1.5921370146977904e-6,2.565615075113011e-5
Endogenous,MCM7,NM_182776.1,943.0754716981132,0.4943933455838286,0.10392069056843105,4.757410125736934,1.9609251379514947e-6,3.0721160494573414e-5
Endogenous,FANCA,NM_000135.2,88.69811320754717,0.9025986652020243,0.19112910699816993,4.722455304574131,2.330143085158881e-6,3.531586025847785e-5
Housekeeping,COG7,NM_153603.3,425.45283018867923,-0.3705527155117865,0.07853692760622838,-4.718197245627925,2.379437393301699e-6,3.531586025847785e-5
Endogenous,RAD50,NM_005732.2,236.66037735849056,-0.6223685256094145,0.13615888903366466,-4.570898969773003,4.856363859709479e-6,7.0230492740414e-5
Endogenous,COL4A5,NM_033381.1,307.7169811320755,-1.4659339978816526,0.322402610603859,-4.546904862637319,5.4440591751739974e-6,7.676123436995337e-5
Endogenous,CDC25A,NM_001789.2,60.471698113207545,0.7133618285168343,0.15731417977918638,4.534631458639918,5.770415314828999e-6,7.885290241944358e-5
Endogenous,FANCB,NM_152633.2,45.943396226415096,0.54346316451712,0.11994475481141799,4.530945645531351,5.872024648256437e-6,7.885290241944358e-5
Endogenous,RET,NM_020630.4,186.28301886792454,-1.5222660778767634,0.3383971377231816,-4.498460265116131,6.8447385949017884e-6,8.977750157033974e-5
Endogenous,MCM2,NM_004526.2,230.35849056603774,0.746108865341232,0.1673256141184242,4.459023618542799,8.233384915877493e-6,1.0553702483079331e-4
Endogenous,EFNA5,NM_001962.2,96.49056603773585,1.1926789397904112,0.2684794792645152,4.442346741202305,8.898301128107076e-6,1.1047862573248633e-4
Endogenous,HMGA1,NM_145904.1,271.45283018867923,0.7020984372793452,0.15814286277270836,4.439646690147754,9.010668056195694e-6,1.1047862573248633e-4
Endogenous,IRS1,NM_005544.2,281.50943396226415,-1.171875587521856,0.2686533312502131,-4.3620363167223015,1.2885747351261446e-5,1.5462896821513735e-4
Housekeeping,MRPS5,NM_031902.3,513.6037735849056,0.3465451272926683,0.07979078788415868,4.343172144079929,1.4044000182173576e-5,1.6501700214053953e-4
Endogenous,MAD2L2,NM_001127325.1,383.1132075471698,0.5496303441458917,0.12697569971986794,4.328626228156086,1.5004232745936121e-5,1.7270178099404026e-4
Endogenous,NOTCH1,NM_017617.3,374.58490566037733,0.5773558233644659,0.13528559783990965,4.267681353987736,1.975151843195437e-5,2.2279712791244529e-4
Endogenous,PPP3R1,NM_000945.3,1388.754716981132,0.3805845636979712,0.08951246224736989,4.251749467534659,2.1210706398175257e-5,2.345654589915852e-4
Endogenous,MCM5,NM_006739.3,106.69811320754717,0.5268234465828983,0.12467402415885157,4.225607139396206,2.3829741279786237e-5,2.5846104003460457e-4
Endogenous,RPS27A,NM_002954.5,26209.754716981133,0.5149673167052763,0.1229895315506763,4.187082511921679,2.825631233675362e-5,3.00689814300548e-4
Endogenous,SIN3A,NM_015477.1,343.5660377358491,-0.2585138224363391,0.061960428474054016,-4.172240715614031,3.016187391168218e-5,3.1502401641090276e-4
Endogenous,MCM4,NM_182746.1,484.79245283018867,0.6654187384566639,0.15996000394687138,4.159906989485159,3.1837722059610806e-5,3.264813680294635e-4
Endogenous,HDAC2,NM_001527.1,1514.1132075471698,0.595056776134654,0.14363786597728628,4.142757009692357,3.431554708333509e-5,3.456065813393034e-4
Endogenous,H2AFX,NM_002105.2,457.33962264150944,0.6984822727160886,0.1698874790754064,4.111440563586559,3.9319810156090544e-5,3.890591741760538e-4
Endogenous,MAPK3,NM_001040056.1,611.8679245283018,-0.5211408782308454,0.1284556263666506,-4.0569719908052475,4.9713041150938177e-5,4.8341646912291605e-4
Endogenous,PBX1,NM_002585.2,1964.8867924528302,-0.8505406907321941,0.21079496149983248,-4.034919452915244,5.462103187380765e-5,5.22140033505551e-4
Endogenous,SOS1,NM_005633.2,479.66037735849056,0.3424660311245841,0.08510874786170951,4.0238640530941225,5.725097322431429e-5,5.381591483085543e-4
Endogenous,PLAT,NM_000931.2,1423.9433962264152,-1.4419929272614096,0.3605280764360009,-3.9996688788186097,6.343117042870791e-5,5.849140611505799e-4
Endogenous,FANCE,NM_021922.2,67.35849056603773,0.4302102761000488,0.1076480679041383,3.996451441034273,6.429906345981552e-5,5.849140611505799e-4
Endogenous,CHEK1,NM_001114121.1,94.9622641509434,0.7726478445737248,0.19365862601947875,3.9897414355093566,6.614536072357103e-5,5.921584674300645e-4
Endogenous,TTK,NM_003318.3,171.9433962264151,0.6682625952483255,0.16790015723703583,3.9801189364277647,6.888079729943126e-5,6.07012026201238e-4
Endogenous,KITLG,NM_003994.4,520.0377358490566,-0.8947316205022613,0.22581076849256326,-3.9623071409534125,7.422896264097627e-5,6.429090435396638e-4
Endogenous,SMARCB1,NM_003073.3,897.7547169811321,0.4195336434769969,0.1059670334264221,3.9590958613397333,7.523403700996067e-5,6.429090435396638e-4
Endogenous,SMARCA4,NM_003072.3,904.2830188679245,0.42926810596560117,0.10938097933063015,3.9245224223860324,8.690196532199263e-5,7.315329618149827e-4
Endogenous,CCND1,NM_053056.2,2534.698113207547,-1.4179503003471423,0.36223330353321676,-3.9144669651202197,9.060414077020631e-5,7.5148140285877e-4
Endogenous,DNMT3A,NM_022552.3,445.188679245283,0.44754058687392395,0.11567148627348225,3.8690657593506073,1.0925317553321221e-4,8.712230542765455e-4
Endogenous,POLB,NM_002690.1,292.7169811320755,-0.604691679196862,0.15629078109221067,-3.8690169373464025,1.0927505184870344e-4,8.712230542765455e-4
Endogenous,CCNA2,NM_001237.2,232.56603773584905,0.7015704268286937,0.18146712746126775,3.8661020133160844,1.1058869522241222e-4,8.712230542765455e-4
Endogenous,SMO,NM_005631.3,115.39622641509433,0.6930552294250374,0.1794399199113662,3.8623246698246962,1.1231316705068496e-4,8.712230542765455e-4
Endogenous,SETBP1,NM_015559.2,285.9811320754717,-0.8888599086217807,0.23035721146362928,-3.8586155083845566,1.140311709031874e-4,8.712230542765455e-4
Endogenous,SFRP1,NM_003012.3,590.0943396226415,1.893181954981401,0.49071338981015883,3.858019761217056,1.1430940783061057e-4,8.712230542765455e-4
Endogenous,MAP3K1,NM_005921.1,622.622641509434,-0.5506049360381629,0.14500733977026295,-3.797083215997849,1.4640865097735928e-4,0.0011009930553497417
Endogenous,MDM2,NM_006878.2,1286.6415094339623,-0.5615771099259327,0.1484091968044008,-3.78397782629385,1.543415801610275e-4,0.0011453769896160463
Endogenous,CACNA1H,NM_021098.2,267.75471698113205,-1.5777188902327042,0.41863727424779257,-3.768701420740782,1.6409903806760234e-4,0.0012019721749367237
Endogenous,HGF,NM_000601.4,161,-0.6344605625356555,0.16916642537556154,-3.750511137934775,1.7647446558831305e-4,0.0012736393746175557
Endogenous,CDC7,NM_003503.2,134.39622641509433,0.7840802959999803,0.2092113995776066,3.747789544848043,1.7839984148011864e-4,0.0012736393746175557
Endogenous,IL8,NM_000584.2,347.52830188679246,1.6650327376566012,0.44947087154228915,3.7044285694049566,2.118677978929816e-4,0.0014936679751455203
Endogenous,MAP3K13,NM_004721.3,98.98113207547169,0.5562407742590986,0.15142881831553562,3.6732821430333504,2.3945483676676284e-4,0.0016673151597093117
Endogenous,MSH2,NM_000251.1,379.9622641509434,0.35123243322821596,0.09734099276734302,3.60826845137798,3.0824744978200807e-4,0.0021201409960616164
Endogenous,SFN,NM_006142.3,251.45283018867926,0.954231943854038,0.26504962223962264,3.6002011087242685,3.179711517556694e-4,0.0021457387632453167
Endogenous,ACVR1B,NM_004302.3,135.49056603773585,-0.43208291245173946,0.12006004414822491,-3.5988901679754033,3.195781136748344e-4,0.0021457387632453167
Endogenous,MNAT1,NM_002431.2,235.67924528301887,-0.4899208186600657,0.13686945831854833,-3.5794751048099416,3.4428504330961046e-4,0.002284432522666121
Endogenous,BID,NM_197966.1,188.49056603773585,0.435323318653832,0.12198231134072987,3.5687413516690567,3.587003255480705e-4,0.002352406786152462
Endogenous,RRAS2,NM_001102669.2,166.47169811320754,0.6315009670271475,0.17739140833409314,3.55992983514624,3.7095389455106087e-4,0.002404804557779291
Endogenous,ITGB8,NM_002214.2,457.7358490566038,1.0355167683117141,0.29133487817097425,3.5543865355661453,3.788619473684775e-4,0.0024281606626797873
Endogenous,DDB2,NM_000107.1,139.49056603773585,-0.4505421559571406,0.12690846532453906,-3.550134774736919,3.8503397867328885e-4,0.002439990606423988
Endogenous,PDGFD,NM_025208.4,206.56603773584905,-0.7857397345531663,0.2218100401375607,-3.5423993163964593,3.9650475424266295e-4,0.0024847631265873544
Endogenous,SOX9,NM_000346.2,1074.132075471698,0.9492674761733196,0.27022983047652144,3.512815274684471,4.433856228631864e-4,0.0027397292366143386
Endogenous,XPA,NM_000380.3,210.96226415094338,-0.29331761053015254,0.08354929308587382,-3.51071325317707,4.469061875328354e-4,0.0027397292366143386
Endogenous,CDKN2A,NM_000077.3,61.490566037735846,0.8977944047598576,0.2565259150028309,3.499819520183565,4.655732608060241e-4,0.0028234765494042752
Housekeeping,NUBP1,NM_001278506.1,68.86792452830188,-0.45361302566997064,0.13027672249881725,-3.481919232916601,4.978338237664874e-4,0.002987002942598924
Endogenous,PLCG2,NM_002661.2,147.1509433962264,0.6620392205848096,0.1914894201820211,3.4573148738739996,5.455869581086983e-4,0.0032390636249821666
Endogenous,TNF,NM_000594.2,108.24528301886792,1.0227787884413038,0.2979808172862208,3.4323645319050513,5.983427207015781e-4,0.00350699348995765
Endogenous,AMER1,NM_152424.3,117.24528301886792,0.6440648293324533,0.18776346383194367,3.4301925208885096,6.031531356842058e-4,0.00350699348995765
Housekeeping,TTC31,NR,281.49056603773585,-0.28783286337779856,0.0844332732629105,-3.408998043715979,6.520194727086806e-4,0.0037524385980377125
Endogenous,PTCH1,NM_000264.3,90.32075471698113,0.7744846944365364,0.22825590914116442,3.3930543018606274,6.91179351546037e-4,0.003937627820928938
Endogenous,TFDP1,NM_007111.4,946.622641509434,0.5858120418207589,0.17286203152331198,3.3888994399661265,7.017374014996626e-4,0.003957798944458097
Endogenous,FEN1,NM_004111.4,131.49056603773585,0.45911399292404603,0.13600062420561917,3.37582268909231,7.35953321689993e-4,0.004109679934981743
Endogenous,POLR2D,NM_004805.3,316.75471698113205,0.23056358474966326,0.06874905796530768,3.35369809526715,7.97393132716959e-4,0.004409114969140832
Endogenous,HDAC11,NM_024827.3,206.0943396226415,-0.5935528434844404,0.17731330068878962,-3.347480652487605,8.154967997318221e-4,0.004465438786881045
Endogenous,DTX4,NM_015177.1,125.66037735849056,0.791544992474671,0.23957239704743719,3.303990786208726,9.53189649167313e-4,0.0051645224173937345
Endogenous,EFNA3,NM_004952.4,260.3207547169811,0.8030641336508559,0.24323762261563295,3.301562172065247,9.614802372807486e-4,0.0051645224173937345
Endogenous,CDC14A,NM_033313.2,181.0754716981132,-0.6540400286590742,0.19939310999447285,-3.2801536054942124,0.0010375058246710448,0.005520314010513861
Endogenous,TMPRSS2,NM_005656.2,201.83018867924528,1.063812010288096,0.3253663863703345,3.2695817848782234,0.0010770659640613244,0.005677244894678383
Endogenous,PRLR,NM_001204318.1,603.2641509433962,-0.7287534745505969,0.22320178251123823,-3.2649984527516223,0.0010946467448863298,0.005716488556628612
Endogenous,GNAS,NM_080425.1,2388.509433962264,0.45981719000359866,0.1412854414531984,3.254526335297722,0.0011358162873600763,0.005877067762120027
Endogenous,IL20RA,NM_014432.2,123.20754716981132,-1.0980226281252448,0.337810531966495,-3.2504096948467835,0.0011523886101411937,0.005907064461679787
Endogenous,KMT2D,NM_003482.3,329.24528301886795,-0.27261455107801275,0.08393537843214177,-3.2479099537081395,0.0011625605589476178,0.005907064461679787
Endogenous,IL2RA,NM_000417.1,75.81132075471699,0.7661609548981425,0.23671975358939,3.236573810511446,0.0012097393656648923,0.006091901805669636
Endogenous,RAC3,NM_005052.2,292.0943396226415,0.7807682570774005,0.241655196205299,3.230918553946989,0.0012339309500774259,0.00615873500746609
Endogenous,MSH6,NM_000179.1,275.75471698113205,0.3353495828473609,0.10413139518628786,3.2204464585097585,0.001279910982632793,0.006332191177235924
Housekeeping,ZNF346,NM_012279.2,124.05660377358491,-0.45055709857358345,0.140147623794418,-3.2148750465759153,0.0013050131495840561,0.006400238403177458
Endogenous,PLD1,NM_002662.3,119.16981132075472,0.5232307231974737,0.16324194697563163,3.205246769542514,0.0013494673138767304,0.006561203146779965
Endogenous,CDKN1B,NM_004064.2,200.66037735849056,-0.5212483608305073,0.16352727284107077,-3.1875316684153305,0.0014349274368564771,0.006917086105872249
Endogenous,IL1RAP,NM_002182.2,115.71698113207547,0.6688915503539209,0.21180724032107373,3.158020232641545,0.001588445329592969,0.007555105070016566
Endogenous,SOCS2,NM_003877.3,181.45283018867926,-0.760682627622652,0.24095194099595263,-3.156989001534665,0.0015940735874680342,0.007555105070016566
Endogenous,LTBP1,NM_000627.3,347.6981132075472,0.5853285187709362,0.18580307713396185,3.1502627825098997,0.0016312366688402706,0.007666812343549272
Endogenous,ARID2,NM_152641.2,440.37735849056605,-0.26216234568748764,0.08512141619326176,-3.0798635338992457,0.00207095460947619,0.00965304462598819
Endogenous,PRKACB,NM_182948.2,330.33962264150944,-0.8977761597143401,0.2924275247516349,-3.070080904582566,0.002140007922698848,0.009893151380345496
Endogenous,FUT8,NM_004480.4,359.8490566037736,-0.5108201636666077,0.16729708703136098,-3.0533715364144443,0.002262855840433518,0.010376021902475644
Endogenous,PPP3CB,NM_001142354.1,196.83018867924528,-0.404015954683977,0.13279300422596735,-3.042449088631829,0.002346615089164344,0.010600055868541609
Endogenous,WNT3,NM_030753.3,108.41509433962264,-0.8292727592761453,0.27259837990867775,-3.042104503900416,0.0023493031623540803,0.010600055868541609
Endogenous,VEGFA,NM_001025366.1,2288.132075471698,0.6897625582341383,0.22790743262534013,3.0265031301899117,0.0024740025945341106,0.011074106851724115
Endogenous,PLCB4,NM_000933.3,205.22641509433961,0.6753275390379134,0.22333353758423993,3.0238518869257796,0.002495785935916514,0.011083647778400896
Endogenous,DNMT1,NM_001379.2,562.0377358490566,0.3658929277756714,0.12148021809388161,3.0119548146752932,0.0025957123208391075,0.01139972357300428
Endogenous,GLI3,NM_000168.5,332.3018867924528,-0.6379809427346187,0.21191207500166662,-3.010592684393285,0.002607383583187149,0.01139972357300428
Endogenous,NRAS,NM_002524.3,294.0566037735849,0.3961033623871905,0.13168556060817652,3.0079483320557467,0.0026301785087917947,0.011410928299681324
Endogenous,NOTCH2,NM_024408.3,1105.867924528302,0.5119521044206851,0.1703611231272779,3.0050993737473912,0.002654940929940128,0.011430432706001772
Endogenous,ITGA6,NM_000210.1,611.3584905660377,0.8676261289410531,0.2895222828302854,2.996750787053048,0.0027287368740708962,0.011659148461939283
Endogenous,NASP,NM_172164.1,91.0377358490566,0.4305755674703019,0.14519740744166362,2.965449418532459,0.0030224104233323407,0.012816838186161203
Endogenous,EPOR,NM_000121.2,74.22641509433963,-0.49832457276501807,0.16840221079604192,-2.959133199079893,0.0030850572352544192,0.012984867766294721
Endogenous,PRKAA2,NM_006252.2,140.49056603773585,-0.9666556973635434,0.3277244726228792,-2.949598757844058,0.0031818686266707748,0.01329314004031346
Endogenous,FANCC,NM_000136.2,152.24528301886792,0.3593696298817524,0.1219809001646256,2.946113935843617,0.00321793843797683,0.01330410789360681
Endogenous,PKMYT1,NM_004203.3,170.8679245283019,0.5000058703971514,0.16979301411890568,2.9447964805371694,0.0032316715982697395,0.01330410789360681
Endogenous,U2AF1,NM_001025203.1,2063.6603773584907,0.35684148677035205,0.12268848893648703,2.9085164375533274,0.003631480851297253,0.014841704348780078
Endogenous,TCF3,NM_003200.2,499.5660377358491,0.4237619101805767,0.14618587225705124,2.8987883961552696,0.003746076190109447,0.015199906267782216
Housekeeping,ZC3H14,NM_001160103.1,535.1698113207547,-0.33294847210929235,0.11561202290532052,-2.8798775745145266,0.003978296190131022,0.016026850365956403
Endogenous,RASA4,NM_001079877.2,253.49056603773585,-0.5316367772071516,0.18591510935821143,-2.859567353306513,0.004242193232499876,0.016968772929999505
Endogenous,PRKDC,NM_006904.6,1523.9433962264152,0.4008694107925994,0.14066744935769934,2.849766684638176,0.004375131020388079,0.017377280954217443
Endogenous,EPHA2,NM_004431.2,64.52830188679245,0.5150343875917054,0.18225847685993632,2.825845998853067,0.004715592930929508,0.018598562328980717
Endogenous,CACNA2D1,NM_000722.2,247,-0.7265417320746642,0.25795191267602186,-2.8165781929563516,0.004853822611005798,0.019010805226439373
Endogenous,CBLC,NM_012116.3,60.867924528301884,-0.577270946689918,0.20618084134650286,-2.79982826202445,0.005112980081889957,0.01988772942197197
Endogenous,DUSP5,NM_004419.3,796.5471698113207,-0.6972987614274787,0.2514923819181378,-2.772643672580323,0.0055602968391352875,0.021479502858029464
Endogenous,IDH1,NM_005896.2,301.64150943396226,0.5124606048233474,0.18542233687123785,2.763747957611027,0.005714165833843902,0.021863640073409244
Endogenous,CREB5,NM_182898.2,133.24528301886792,0.5018835159577569,0.1816818233465625,2.7624310826097442,0.005737267253305972,0.021863640073409244
Endogenous,TNFAIP3,NM_006290.2,413.8490566037736,0.6259486730520809,0.22780012714218345,2.7477977334990227,0.005999700863776833,0.02271027709510157
Endogenous,CDK4,NM_000075.2,451.39622641509436,0.2566104325598978,0.09352839144214631,2.7436634865962475,0.00607577858581475,0.02284492748266346
Endogenous,SOCS1,NM_003745.1,118.33962264150944,0.5611300631011377,0.20658001843060775,2.7162843113484705,0.006601919675868611,0.024658825809204612
Endogenous,SMAD3,NM_005902.3,396.9056603773585,-0.4768875555593693,0.1760041411739641,-2.7095246303779255,0.006737970210642184,0.025001415781593365
Endogenous,LAMC2,NM_005562.2,111.66037735849056,0.8016375708726173,0.2961724933776808,2.7066577376257714,0.006796428642988025,0.025053501664348013
Endogenous,CIC,NM_015125.3,290.24528301886795,-0.29099528585676443,0.10780575292590071,-2.6992556330159614,0.0069494772046805936,0.025451332100258798
Endogenous,SFRP4,NM_003014.2,436.64150943396226,-0.8220634294810852,0.30560244723132735,-2.6899765919047764,0.0071457031158758885,0.026001139079703233
Endogenous,HELLS,NM_018063.3,183.50943396226415,0.3625615940047639,0.13544006685136017,2.676915350334699,0.007430340504182029,0.02668025815886139
Endogenous,SYK,NM_003177.3,296.52830188679246,0.33265106413770223,0.12435106773261066,2.675096162849156,0.0074707817959364315,0.02668025815886139
Endogenous,HIST1H3B,NM_003537.3,1374.1509433962265,0.6562372420148029,0.24532781217888572,2.6749402613034934,0.007474256718262589,0.02668025815886139
Endogenous,E2F1,NM_005225.1,135.0754716981132,0.4829200536582709,0.1813111762871044,2.6634875110708673,0.007733528253163835,0.02743213795461889
Endogenous,HSPB1,NM_001540.3,1623.6415094339623,-0.8377781236582557,0.3150255628987986,-2.6593972754121875,0.007828059737564208,0.02759391057491383
Housekeeping,PRPF38A,NM_032864.3,569.811320754717,0.3353618344694828,0.12678263949751856,2.6451715771073423,0.008164950435620617,0.028602683513602657
Endogenous,POLD1,NM_002691.2,56.56603773584906,0.27548538383313387,0.10466179901945362,2.632148371364504,0.008484680040938499,0.029366455513077653
Endogenous,HSPA2,NM_021979.3,113.0754716981132,-0.8400952303942111,0.31917894171544847,-2.6320509300490293,0.008487113916013577,0.029366455513077653
Endogenous,BMP6,NM_001718.2,58.84905660377358,0.6272094238666476,0.23899677289575022,2.6243426480918832,0.008681639696174939,0.029856370662455275
Endogenous,POLD4,NM_021173.2,768.811320754717,-0.5101372862581645,0.19490092357433256,-2.617418516560313,0.008859763844684614,0.030284283687285588
Endogenous,SFRP2,NM_003013.2,3147.5283018867926,-0.7942330403189135,0.30597567647673535,-2.59573914326913,0.009438769393599923,0.032027260386846994
Endogenous,FGF11,NM_004112.2,74.32075471698113,0.6721694740558973,0.2591123918276996,2.59412322704684,0.009483249086176326,0.032027260386846994
Endogenous,FGFR3,NM_022965.2,246.0754716981132,-0.982952175260195,0.38140818375401275,-2.5771659265028903,0.009961412028246599,0.03344188323768501
Endogenous,BRIP1,NM_032043.1,174.52830188679246,0.5256860757547781,0.20459456334624737,2.5694039331100345,0.010187363343244661,0.033998064648461473
Endogenous,PIK3CB,NM_006219.1,230.73584905660377,0.3080446644209589,0.12263961812134426,2.5117875376631384,0.012012138356219025,0.039844051899298884
Endogenous,BCOR,NM_001123383.1,231.9433962264151,-0.20858093814091352,0.0831070055996781,-2.509787672361058,0.012080377437553386,0.039844051899298884
Endogenous,LAMA5,NM_005560.3,537.6603773584906,-0.5407004868898545,0.21685236194062524,-2.4934037243177447,0.012652489160774145,0.04111444972784211
Endogenous,ATR,NM_001184.2,409.75471698113205,0.2491731197007343,0.09995924870366388,2.492747023733895,0.012675912302892134,0.04111444972784211
Endogenous,MGMT,NM_002412.3,394.20754716981133,-0.34682779027700367,0.13914779918750583,-2.492513660310522,0.012684245128802354,0.04111444972784211
Endogenous,STAT3,NM_139276.2,2174.698113207547,-0.30730979243444523,0.12350604753403771,-2.488216557571823,0.01283855299756233,0.041376822232143735
Endogenous,DUSP6,NM_001946.2,716.4716981132076,0.6505708904209425,0.2634418144268772,2.4695050473907196,0.013530010982822279,0.04335753519495321
Endogenous,STK11,NM_000455.4,384.37735849056605,-0.25102532242200903,0.10182081755904374,-2.4653634535633615,0.013687433340388093,0.043519200940057824
Endogenous,MYD88,NM_002468.3,630.3962264150944,0.28146738480678873,0.11422605372868436,2.4641259644261604,0.01373478327540832,0.043519200940057824
Endogenous,KMT2C,NM_170606.2,1062.7735849056603,0.25697662835125673,0.10477733429198673,2.4525975020048785,0.014182893671022967,0.04468800017015058
Endogenous,WHSC1L1,NM_017778.2,791.811320754717,-0.48279723034952976,0.19721590064574013,-2.448064424667161,0.01436259718149372,0.04500280450201366
Endogenous,ARNT2,NM_014862.3,189.81132075471697,-0.6871662143715598,0.2823749838394692,-2.433523696143761,0.014952656665569941,0.04659280861536711
Endogenous,KIT,NM_000222.1,77.49056603773585,0.5655320825120839,0.23281357019446114,2.4291199264704133,0.015135524913691075,0.04664615897570283
Endogenous,FZD2,NM_001466.2,54.660377358490564,-0.4422524173865939,0.18219579435795252,-2.4273470139366604,0.015209700077027625,0.04664615897570283
Endogenous,TSPAN7,NM_004615.3,76.60377358490567,-0.6460876042022031,0.26619169861641234,-2.427151588724893,0.015217895836044895,0.04664615897570283
Endogenous,FBXW7,NM_018315.4,168.33962264150944,0.405967301764371,0.16796357373778972,2.4169960946302096,0.01564918502637754,0.04770886678311855
Endogenous,NF2,NM_181828.2,461.188679245283,0.2639163922000417,0.10966187835693345,2.4066375312397286,0.01610014060990261,0.048819781204220813
Endogenous,NTHL1,NM_002528.5,162.20754716981133,-0.32284037440700764,0.13466148778134626,-2.3974217107359816,0.016510908899205628,0.04979760758904799
Endogenous,JAK3,NM_000215.2,145.0188679245283,0.5155650654525081,0.218803844142548,2.3562888827338146,0.0184585566250217,0.055098190368565586
Endogenous,GPC4,NM_001448.2,232.30188679245282,-0.5882893042318196,0.24967881666012967,-2.35618428547992,0.01846375528308315,0.055098190368565586
Endogenous,STAG2,NM_001042749.1,450.7358490566038,-0.2649797188009011,0.1130478397217351,-2.343960923562477,0.019080170315917702,0.05663797925356623
Endogenous,E2F5,NM_001951.3,202.54716981132074,0.5067756283544631,0.21652556078114998,2.3404887003926484,0.01925852117287429,0.05686809393456072
Endogenous,ID2,NM_002166.4,595,0.28547981970183145,0.12377002663390518,2.306534364303255,0.021080792258416275,0.06192482725909781
Endogenous,COL2A1,NM_001844.4,114.39622641509433,0.8807568467915332,0.3855619738426441,2.284345725315195,0.022351220598780815,0.06531652029902787
Endogenous,CCNE2,NM_057735.1,66.30188679245283,0.41288980230122596,0.18114745036574714,2.279302311280549,0.022649100741542177,0.0658458392692257
Endogenous,CSF3R,NM_156038.2,195.28301886792454,-0.5161937146988247,0.2272095858443636,-2.271883524546418,0.023093546258162352,0.0667936414851465
Endogenous,GATA2,NM_032638.3,74.94339622641509,-0.5987289541244962,0.2640278215155414,-2.2676737272903393,0.02334910031901453,0.06704287807946768
Endogenous,WNT6,NM_006522.3,78.98113207547169,0.4646871339143921,0.20512813559822748,2.265350545692804,0.023491176563813353,0.06704287807946768
Endogenous,FZD7,NM_003507.1,333.20754716981133,0.6293283741892766,0.27805486458065465,2.2633244526701275,0.023615695997351166,0.06704287807946768
Endogenous,PDGFRB,NM_002609.3,1059.566037735849,-0.4719545419784023,0.20858176543557164,-2.2626836099159555,0.023655199889741258,0.06704287807946768
Endogenous,PIM1,NM_002648.2,371.3018867924528,0.46766092514069585,0.20723022182008421,2.2567216356440314,0.024025474054130937,0.06775183683264924
Endogenous,FOXO4,NM_005938.2,154.75471698113208,-0.30859281232361896,0.13708046206827812,-2.2511801293018157,0.024374130912098457,0.06839308375335089
Endogenous,PIK3CD,NM_005026.3,165.0943396226415,0.44599278950437315,0.1987126015702735,2.244411204825631,0.024805956247725008,0.06926019467186585
Endogenous,ANGPT1,NM_001146.3,74.90566037735849,0.569647724258143,0.25554914141335516,2.229112260395851,0.025806436359622167,0.07169867047697982
Endogenous,LEPR,NM_001003679.1,165.9811320754717,-0.493886795311626,0.22194704025783127,-2.2252461431244495,0.02606471874639926,0.072061281240045
Endogenous,LAMB3,NM_000228.2,113.54716981132076,0.7059042371264863,0.3190991458892564,2.2121783972792923,0.02695434088813225,0.07415730858978822
Housekeeping,EIF2B4,NM_172195.3,574.0566037735849,0.19004851705542955,0.08678763251478984,2.189811054277147,0.028537942706812064,0.07813300818758255
Endogenous,PTTG2,NM_006607.2,205,0.38253202724750557,0.176105900126464,2.1721704211659247,0.02984281085328352,0.0813108469625696
Housekeeping,USP39,NM_001256725.1,370.52830188679246,0.20826877839035904,0.09692454693813868,2.1487722663618425,0.03165245687564855,0.08582685422050856
Endogenous,GHR,NM_000163.2,90.18867924528301,-0.5644656028425244,0.2639756272420983,-2.138324695881259,0.03249039955072967,0.08732604411642575
Endogenous,DKK2,NM_014421.2,47.509433962264154,-0.40089225603994083,0.18750620511389712,-2.1380212766634914,0.03251501642632874,0.08732604411642575
Endogenous,PML,NM_002675.3,610.2830188679245,0.309717239306802,0.1451461559038073,2.133830120255206,0.03285668935383223,0.08782546348607288
Endogenous,CDC25B,NM_021873.2,229.9245283018868,0.3762253444190084,0.17664995271926243,2.129778913764655,0.03318987033740998,0.08829757957688315
Endogenous,UBE2T,NM_014176.3,328.6981132075472,0.4272233358101201,0.2012551803091056,2.1227942314525894,0.03377109844950213,0.08942206350009015
Endogenous,PPP2CB,NM_001009552.1,941.7735849056604,-0.26473574927189886,0.12515384179230155,-2.1152826431907683,0.03440586488447899,0.09067713922825305
Endogenous,SETD2,NM_014159.6,244.1509433962264,-0.1793695805030358,0.08533717367146301,-2.1018926780207803,0.03556267809069211,0.09329000206116442
Endogenous,TGFB3,NM_003239.2,547.2641509433962,-0.5311754519804851,0.2530927760630377,-2.098738100087793,0.03583999410004325,0.0935822068167796
Endogenous,GTF2H3,NM_001516.3,267.92452830188677,-0.2003639608045222,0.0956754466374929,-2.0942046036501534,0.03624175785898236,0.09399128802902061
Endogenous,ITGA9,NM_002207.2,112.56603773584905,0.5372718848105246,0.25691416205221557,2.0912505582363683,0.03650560933361786,0.09399128802902061
Housekeeping,FCF1,NM_015962.4,1063.0943396226414,-0.12442577760084572,0.059526525796375476,-2.090257678173147,0.036594658822400775,0.09399128802902061
Housekeeping,SLC4A1AP,NM_018158.2,309.8679245283019,0.14295451018289831,0.06841584768796025,2.0894941013506627,0.036663268380114425,0.09399128802902061
Endogenous,IDH2,NM_002168.2,1737.2264150943397,0.3991546763091241,0.19123399167316854,2.0872579859720006,0.0368648204040181,0.094080356144191
Housekeeping,EDC3,NM_001142443.1,384.1509433962264,-0.1736389136506427,0.08364543525298154,-2.075892284205113,0.03790391449650453,0.09629643142355204
Endogenous,DDIT4,NM_019058.2,519.4150943396227,0.5570034051219237,0.26978429653724423,2.0646250069823036,0.03895849525505899,0.09853179965853485
Endogenous,MAP2K4,NM_003010.2,270.6981132075472,-0.2680663282777516,0.13028388235411256,-2.0575555735217144,0.03963281502976327,0.09957611934774024
Housekeeping,AMMECR1L,NM_001199140.1,302.9433962264151,0.14774865105211413,0.07184114553407847,2.05660210390198,0.0397245156972368,0.09957611934774024
Endogenous,WNT5B,NM_032642.2,114.37735849056604,0.5243309720942095,0.25526375636651,2.0540752810256793,0.03996840609801468,0.0997441638906207
Endogenous,FUBP1,NM_003902.3,214.9811320754717,0.21295522673311457,0.1049662650521912,2.0287968389389603,0.04247898740812919,0.1055425061594047
Endogenous,GSK3B,NM_002093.2,967.566037735849,0.19044245589704903,0.09487592019434755,2.007279144243758,0.04471994855591803,0.11062303063832356
Endogenous,BRAF,NM_004333.3,372.9622641509434,-0.21313818573933463,0.10638883907785447,-2.003388584617996,0.04513559578267672,0.11116365074860118
Endogenous,MAP3K5,NM_005923.3,81.64150943396227,0.36799139661833596,0.18407156170985509,1.999175718400144,0.04558934481437214,0.11179300206654734
Endogenous,FST,NM_006350.2,206.52830188679246,-0.5716292474085376,0.28732995544043644,-1.9894523233134893,0.04665129924744512,0.1139018734872686
Endogenous,FGFR2,NM_000141.4,115.58490566037736,-0.5160746730935988,0.26165613346271893,-1.9723392922762488,0.04857088699284525,0.11807750113777897
Endogenous,PRDM1,NM_182907.1,248.81132075471697,0.36560526433794455,0.18586330345326232,1.9670653514983962,0.04917567712213633,0.11903468625272486
Endogenous,CDKN1A,NM_000389.2,661.7358490566038,-0.3914974516978518,0.19955322818341817,-1.9618697991595966,0.04977764474123152,0.11997688732501956
Endogenous,HOXA9,NM_152739.3,50.83018867924528,-0.4231846907221996,0.21642431789745314,-1.9553472310016211,0.05054209998752924,0.12113225773151785
Endogenous,ITGB7,NM_000889.1,79.62264150943396,0.366918743034094,0.18776635061600438,1.9541240580665546,0.050686547561415274,0.12113225773151785
Endogenous,TGFB2,NM_003238.2,149.32075471698113,0.5761204200299644,0.2956222066652743,1.9488401312229273,0.05131451954421977,0.12211556549763691
Endogenous,DUSP2,NM_004418.3,65.24528301886792,0.44007594858024285,0.22614996599591816,1.945947445281446,0.051661052899922975,0.12242367157796873
Endogenous,STMN1,NM_203401.1,841.2830188679245,0.4229351774665617,0.21815016819469968,1.938734134227624,0.05253371998944635,0.12381323311994043
Endogenous,CASP7,NM_001227.3,166.62264150943398,-0.24697782037918192,0.12756517053747218,-1.9360913275824951,0.05285651651030729,0.12381323311994043
Housekeeping,RBM45,NM_152945.2,127.67924528301887,-0.16159085586814786,0.08355113316399555,-1.93403547921935,0.05310876579249708,0.12381323311994043
Endogenous,RUNX1,NM_001754.4,760.1509433962265,-0.32802482733477445,0.16961837835312385,-1.9338990887642409,0.053125536196853874,0.12381323311994043
Endogenous,CCNB1,NM_031966.2,474.1698113207547,0.3779325015726452,0.1962925559230605,1.9253532045340573,0.05418518569609277,0.12576314704772149
Endogenous,TP53,NM_000546.2,560,0.3319929415791702,0.1732961406716624,1.9157549631078314,0.055396292759712175,0.12804716851015438
Endogenous,NCOR1,NM_006311.3,938.3396226415094,-0.15942511694113645,0.08356677990638553,-1.9077570910322275,0.05642261901650569,0.1298871719400376
Endogenous,MMP3,NM_002422.3,115.16981132075472,0.5916803426650477,0.3118036608339833,1.8976055030350714,0.05774806896475439,0.13239801177285151
Endogenous,PPP3CC,NM_005605.3,108.49056603773585,-0.2509417863623498,0.13282794808701542,-1.8892242933539722,0.05886178085575634,0.13430573630131087
Endogenous,CDKN2B,NM_004936.3,236.50943396226415,0.4222326925704141,0.223667082177902,1.8877730619053525,0.05905642305447712,0.13430573630131087
Endogenous,PBRM1,NM_181042.3,559.3396226415094,-0.2101553636468596,0.11164374408709381,-1.882374739088976,0.05978515323263371,0.13541697358717034
Endogenous,FANCL,NM_001114636.1,301.45283018867923,0.23999790219374298,0.12804947254142665,1.8742592017792084,0.06089470783422491,0.13694606914215254
Endogenous,BMP4,NM_001202.2,89.67924528301887,-0.521177023752537,0.2781260193346498,-1.8738880490193934,0.06094585701184448,0.13694606914215254
Endogenous,SMAD9,NM_005905.2,70.83018867924528,0.49406403895507817,0.26441468648387134,1.8685196557159274,0.06168967299267535,0.13806736336455913
Endogenous,TLR2,NM_003264.3,237.81132075471697,0.4039325173801571,0.21737138467534997,1.85825985321592,0.06313212203365742,0.14073722066001101
Endogenous,MEN1,NM_130802.2,608.377358490566,0.236983038735307,0.1282828199626859,1.84734821704293,0.06469668898779811,0.14365721491778793
Housekeeping,SF3A3,NM_006802.2,607.7169811320755,0.2063591699722498,0.1130348559330486,1.8256242136007843,0.06790688593883555,0.15014138283466943
Endogenous,LIFR,NM_002310.3,165.9433962264151,-0.4085823103767198,0.22400119151977949,-1.8240184688510537,0.06814928015190669,0.15014138283466943
Endogenous,RAF1,NM_002880.2,441,0.16154760714338845,0.08920861518640805,1.8108969274528328,0.07015680830115661,0.1535413925366051
Endogenous,WEE1,NM_003390.3,578.0754716981132,0.23874052686755182,0.13187322394068227,1.8103790878346873,0.07023701999014914,0.1535413925366051
Endogenous,HIST1H3G,NM_003534.2,491.45283018867923,0.5818202729096251,0.32237506649942227,1.804793029521307,0.07110707557583151,0.15484320704544005
Endogenous,IRAK3,NM_007199.1,83.60377358490567,-0.41878435371289735,0.232740507426193,-1.7993616940347301,0.07196148485582149,0.156101067148782
Endogenous,COL27A1,NM_032888.2,256.5660377358491,0.4920226712402689,0.2758609202510548,1.7835896102735036,0.07449037509957326,0.16096770711172154
Endogenous,PRKCA,NM_002737.2,72.54716981132076,0.3735731820395454,0.21245718532572874,1.758345717829226,0.07868870321496507,0.16939094890549733
Endogenous,ITGB6,NM_001282353.1,656.3584905660377,0.5423284111025768,0.3089580996275562,1.7553461513271365,0.07920011682129886,0.16984359652932532
Endogenous,MAP3K14,NM_003954.1,216.28301886792454,0.23090048161550955,0.13273410754447848,1.7395715832732446,0.0819342726113211,0.1750414005787314
Endogenous,C19orf40,NM_152266.3,83.94339622641509,0.19302866291675805,0.11138926433390392,1.7329198111779367,0.08310992251057304,0.17688300489042716
Endogenous,TGFB1,NM_000660.3,601.3962264150944,-0.2751207438382672,0.1591363866060292,-1.7288361870335676,0.08383841757752689,0.17776265982603445
Endogenous,EIF4EBP1,NM_004095.3,540.11320754716985,0.3899813621905407,0.22723750448258173,1.7161839683045528,0.08612837649353404,0.18193409866049887
Endogenous,PTPN11,NM_002834.3,509.1698113207547,0.15037597877026393,0.08794148000083402,1.7099550606703207,0.08727418347032448,0.1836424116248029
Endogenous,COMP,NM_000095.2,1171.7358490566037,-0.5957780636982637,0.34877052200010744,-1.7082236775104525,0.08759484672894857,0.1836424116248029
Housekeeping,ERCC3,NM_000122.1,264.8301886792453,0.12609714435434607,0.07394579664540217,1.705264532601213,0.08814509922071008,0.1836424116248029
Endogenous,RELA,NM_021975.3,230.03773584905662,0.136599987253412,0.08025493027677401,1.7020759569826005,0.08874113034241306,0.1836424116248029
Endogenous,NOTCH3,NM_000435.2,968.622641509434,0.26236120858554035,0.15414586414760953,1.7020320982099408,0.08874935132263641,0.1836424116248029
Endogenous,VHL,NM_000551.2,725.3584905660377,0.21290750108785433,0.12523516267734747,1.700061680251764,0.08911932418379967,0.1836424116248029
Housekeeping,MTMR14,NM_022485.3,366.24528301886795,0.13941390305570597,0.08203008355447709,1.699546032561574,0.08921634890992199,0.1836424116248029
Endogenous,COL1A2,NM_000089.3,5445.830188679245,-0.5006933491780862,0.2970596742540547,-1.6854975365989178,0.09189261969155528,0.18846340911286247
Endogenous,NF1,NM_000267.2,562.0754716981132,-0.2190085636598897,0.13173597636372097,-1.6624810450807337,0.09641636082392059,0.19702473733583775
Endogenous,AR,NM_001011645.1,568.7169811320755,-0.5681194911540759,0.34216925597243464,-1.6603463965209193,0.09684478703007512,0.1971857757579869
Endogenous,FANCG,NM_004629.1,77.45283018867924,0.209503266533235,0.1267559434197435,1.652808230376066,0.09836989851917038,0.1995705854849356
Endogenous,WNT2B,NM_024494.1,47.0377358490566,0.26173009900144684,0.15866493008636914,1.6495775018397212,0.09902937967707226,0.20000673059170526
Endogenous,SPRY4,NM_030964.3,213.11320754716982,0.35037335801095143,0.2125683818826326,1.6482853889550064,0.09929412157035013,0.20000673059170526
Endogenous,FGF1,NM_033137.1,87.58490566037736,-0.41061236862495054,0.2500451843592512,-1.642152676033965,0.10055836732905805,0.20183245257504892
Endogenous,MAPK8IP2,NM_012324.2,223.30188679245282,-0.5594460206753485,0.34150080632899493,-1.6381982423092425,0.10138034618377662,0.20276069236755323
Endogenous,RAD52,NM_134424.2,164.52830188679246,-0.2202708533811246,0.13466663465467055,-1.635675042641196,0.10190761546695172,0.20309503577159282
Endogenous,THEM4,NM_053055.4,213.20754716981133,-0.2357618120781437,0.14433040273577621,-1.6334868302816958,0.10236664831747368,0.203291512855828
Endogenous,FOS,NM_005252.2,2256.4150943396226,-0.4451440004227377,0.2734676928992365,-1.6277754629932029,0.1035725051565423,0.2047500920350109
Endogenous,CACNA1C,NM_199460.2,98.83018867924528,-0.31177422746284617,0.1916751644948618,-1.626576026604656,0.10382717432981049,0.2047500920350109
Endogenous,LIF,NM_002309.3,104.32075471698113,0.4130761410093148,0.2554036685164932,1.6173461540652834,0.10580358179592939,0.2079206276407811
Endogenous,FGF2,NM_002006.4,129.9433962264151,0.48182312826792617,0.2992095002201842,1.6103202870007771,0.10732795261714255,0.21018390720857083
Housekeeping,VPS33B,NM_018668.3,157.24528301886792,-0.1818972058648949,0.11317604809059321,-1.6072058437602714,0.10800922055006947,0.21078616051985874
Endogenous,CCND3,NM_001760.2,261.7358490566038,0.19335774336062456,0.12055043811010328,1.6039572015824912,0.10872348675208669,0.2112593045597414
Endogenous,CAPN2,NM_001748.4,1931.9811320754718,0.3476805771981526,0.21693422768101533,1.6027004171485075,0.10900081139518572,0.2112593045597414
Endogenous,SMC1A,NM_006306.2,309.5660377358491,0.16643328001207663,0.10477465379104374,1.5884879977174742,0.11217603295005656,0.21666877597202705
Endogenous,RUNX1T1,NM_004349.2,121.94339622641509,-0.3628111307878929,0.22865418018301206,-1.5867242422487235,0.11257511333081487,0.21669748777672213
Endogenous,CACNG4,NM_014405.2,307.47169811320754,-0.6426442432299027,0.4090629940407343,-1.5710153511610694,0.11617908306659172,0.22287415935223717
Endogenous,IGF1,NM_000618.3,139.0566037735849,-0.4164181183774918,0.2656576139757851,-1.567499279036093,0.11699803460644645,0.22368437802724
Endogenous,CBL,NM_005188.2,207.50943396226415,0.21312494080361677,0.13616203691835083,1.5652302626128936,0.1175289280789432,0.22394025485312152
Housekeeping,DNAJC14,NM_032364.5,127.54716981132076,-0.22389942248447933,0.14326639376102168,-1.562818862167768,0.11809520631306449,0.2242616039076376
Endogenous,CDC14B,NM_003671.3,85.98113207547169,0.236939214394401,0.1565163812111328,1.513830134334513,0.13006892760311378,0.24617072204079252
Endogenous,MDC1,NM_014641.2,264.33962264150944,0.14014281112522786,0.09278881749937416,1.5103416004431038,0.13095628187129144,0.2470212139645765
Endogenous,FN1,NM_212482.1,16941.528301886792,-0.45076669575656625,0.3007352226179857,-1.4988822786786127,0.13390417447907782,0.2517398480206663
Endogenous,BMP8A,NM_181809.3,110.9622641509434,-0.38446612257834,0.25696258680539713,-1.4961949416764855,0.13460286234377733,0.25221267229863925
Endogenous,BAP1,NM_004656.2,567,-0.16002412369518618,0.10721959237738699,-1.4924895734721695,0.13557084858594848,0.25293246159777094
Endogenous,FLNA,NM_001456.3,2946,0.2668061482510606,0.17890897380255846,1.4912955039667504,0.13588392883710035,0.25293246159777094
Endogenous,WNT10A,NM_025216.2,43.301886792452834,0.2738954679538946,0.1839192994040951,1.4892154811448575,0.13643063544657513,0.2531147315521986
Endogenous,DLL4,NM_019074.2,87.86792452830188,-0.28448197700872396,0.19230124142388474,-1.479355904841236,0.13904521867540934,0.25711968305878974
Endogenous,PRKCB,NM_212535.1,73.09433962264151,0.3073406697408339,0.20980443465470464,1.4648911985423665,0.14295060449720484,0.26344102426154486
Endogenous,PPP3CA,NM_000944.4,317,0.30654327405433923,0.20949421853596517,1.4632540993092515,0.14339786249697567,0.26344102426154486
Endogenous,PHF6,NM_032335.3,139.49056603773585,0.20003805486114895,0.13771431178194954,1.4525582147037843,0.14634645483255443,0.26798506664143085
Endogenous,WNT5A,NM_003392.3,272.41509433962267,-0.46354882955423576,0.3214849416839597,-1.4418990423816926,0.14933085640760393,0.2713076510275625
Endogenous,MAP3K8,NM_005204.2,187.73584905660377,0.23356006040938154,0.1620452150968175,1.441326485757916,0.14949246811949207,0.2713076510275625
Endogenous,IL2RB,NM_000878.2,177.52830188679246,0.4112360471712199,0.28563597329789925,1.4397207831463448,0.1499464109636256,0.2713076510275625
Endogenous,SHC2,NM_012435.2,74.64150943396227,-0.3981570233555582,0.2766456683855689,-1.439231005058194,0.15008508354716224,0.2713076510275625
Endogenous,FANCF,NM_022725.2,215.83018867924528,-0.16054892115450067,0.11170434026969406,-1.4372666341064135,0.1506422457092573,0.27144481335470005
Endogenous,BAD,NM_004322.3,219.1509433962264,-0.14903135084402216,0.10397500284530072,-1.4333382713704617,0.15176118983528514,0.2715154814690205
Endogenous,SRSF2,NM_003016.3,715.2075471698113,0.15816766308183533,0.1104036152702176,1.4326311932332394,0.15196326247331987,0.2715154814690205
Endogenous,ALKBH2,NM_001001655.2,56.39622641509434,0.17930337047079947,0.12520631288952827,1.432063338763134,0.15212569529115333,0.2715154814690205
Endogenous,IRAK2,NM_001570.3,67.52830188679245,0.20978672022618977,0.1494737368110465,1.4035022118393041,0.16046713287357808,0.2854998830936847
Endogenous,HDAC5,NM_005474.4,395.8679245283019,-0.18972481615940298,0.1358896201438509,-1.396168566506867,0.162663739986096,0.28849795393760425
Endogenous,CDKN1C,NM_000076.2,213.8490566037736,-0.2964808355433719,0.21289872149531044,-1.3925909627874518,0.16374351738859794,0.28888499615149515
Endogenous,SP1,NM_003109.1,343.7169811320755,-0.19233434238176433,0.1381659727047023,-1.3920528956346898,0.16390638079517456,0.28888499615149515
Endogenous,RHOA,NM_001664.2,1200.3207547169811,-0.16400925368536642,0.11814625995469862,-1.3881882824581435,0.16507971940143965,0.29004660978944535
Endogenous,PRKAR2B,NM_002736.2,324.22641509433964,-0.30689706250679055,0.2234448487486969,-1.3734801416341906,0.16960313059224869,0.29706883743487034
Endogenous,ACVR2A,NM_001616.3,176.73584905660377,0.20103621711455555,0.14942551556643227,1.345394167471873,0.17849797778929793,0.31168067948348
Endogenous,COL3A1,NM_000090.3,26208.33962264151,-0.3799256358616012,0.28534929757203453,-1.331440585606108,0.1830440825520808,0.3168538006603267
Endogenous,CDKN2D,NM_001800.3,111.88679245283019,0.2616128392015124,0.19650682975569717,1.331316776759143,0.18308480025141294,0.3168538006603267
Endogenous,JAK1,NM_002227.1,902.5849056603773,-0.13517854357840775,0.10155166437231973,-1.3311307541233544,0.18314599116182004,0.3168538006603267
Endogenous,THBS1,NM_003246.2,3639.9056603773583,-0.32867830531333714,0.24780370580058608,-1.3263655773486813,0.18471863497839103,0.3185972786783258
Housekeeping,ACAD9,NM_014049.4,324.54716981132077,0.1633244955461457,0.1238662210765347,1.3185555684727837,0.1873177361124001,0.3220951316079075
Endogenous,MMP9,NM_004994.2,578.8490566037735,-0.5010094503803014,0.38120426069173907,-1.3142808253799736,0.18875171751924721,0.3235743728901381
Endogenous,DUSP10,NM_144728.2,277.1132075471698,0.2809307961277926,0.21415905919214392,1.3117857221988491,0.18959244369105227,0.3240307219447075
Endogenous,MLLT3,NM_004529.2,65.52830188679245,-0.21410673009521947,0.16384600948784322,-1.306755842052445,0.19129564663969217,0.32595391149482295
Endogenous,PIK3R3,NM_003629.3,910.8679245283018,0.2292184127553605,0.17605433492470202,1.3019753978417892,0.1929247959013887,0.3277397135192266
Endogenous,CREBBP,NM_004380.2,52.54716981132076,-0.19731822580356592,0.15208549268666954,-1.2974164880412757,0.19448792241075594,0.32940296768668575
Endogenous,NUMBL,NM_004756.3,85.75471698113208,-0.185779848098471,0.1439005957730909,-1.2910290405705982,0.19669360768979757,0.33214130160792166
Endogenous,ZAK,NM_016653.2,44.9811320754717,-0.1829986342008478,0.14229724237978575,-1.286030784155547,0.19843231828589525,0.33332216655549446
Endogenous,PRKAR2A,NM_004157.2,563.2830188679245,-0.10630760451647117,0.08268960792904172,-1.2856223070702757,0.19857490773518818,0.33332216655549446
Endogenous,CARD11,NM_032415.2,52.735849056603776,0.2583374753883171,0.20163859120963795,1.2811906383522136,0.2001267135408879,0.33429369377298085
Endogenous,ERCC6,NM_000124.2,181.28301886792454,-0.1388330340291134,0.10853134886333023,-1.2791975358561243,0.20082750338643093,0.33429369377298085
Endogenous,BNIP3,NM_004052.2,562.9245283018868,0.29964990492659316,0.23430262124884124,1.2789012061813418,0.2009318478529087,0.33429369377298085
Endogenous,BMP7,NM_001719.1,86.13207547169812,0.43453177912285884,0.34035941845126344,1.2766850440046809,0.20171346369645285,0.3346070397788218
Endogenous,POLE2,NM_002692.2,102.88679245283019,0.1633109355903966,0.128519168388255,1.2707126698566555,0.20383088654401207,0.33628477947696944
Endogenous,ARID1A,NM_006015.4,403.8679245283019,-0.12396371984411866,0.0975731408750581,-1.2704697084913312,0.20391736627858784,0.33628477947696944
Endogenous,BCL2A1,NM_004049.2,48.339622641509436,0.23905171286131993,0.18924414104719084,1.2631921471307734,0.2065201343211498,0.33918569150271244
Endogenous,TLR4,NM_138554.2,263.3018867924528,0.21545405966419526,0.17069814012666865,1.2621933637022344,0.20687921609385299,0.33918569150271244
Endogenous,CASP9,NM_001229.2,68.41509433962264,-0.1758175134215439,0.14056708663829381,-1.2507729769910947,0.2110173166515189,0.3449674393955266
Endogenous,TRAF7,NM_032271.2,859.0377358490566,-0.14856250341789445,0.11992106581681854,-1.2388357492154565,0.215406331791997,0.35045052575023483
Endogenous,NGFR,NM_002507.1,137.41509433962264,-0.43119027798632603,0.3482184773504103,-1.2382751233284548,0.21561406460165156,0.35045052575023483
Endogenous,COL1A1,NM_000088.3,27315.037735849055,-0.3758121408884725,0.30562095277831125,-1.2296674605326419,0.21882165665211978,0.354568360213978
Endogenous,MUTYH,NM_012222.2,76.60377358490567,0.15400576446727152,0.1254004129815577,1.2281120995185295,0.21940488956503246,0.354568360213978
Endogenous,ITGA7,NM_002206.1,86.56603773584905,-0.3128582151140805,0.2594806740822205,-1.2057091196508398,0.22792966743801543,0.36729237838583056
Endogenous,BRCA1,NM_007305.2,152.30188679245282,-0.20148482698480644,0.16740610806339484,-1.2035691487941789,0.22875614973777353,0.36757398419402926
Endogenous,CASP3,NM_032991.2,333.7358490566038,0.15414390125723665,0.12836087631122084,1.200863578427923,0.2298041244301088,0.3682088811891516
Endogenous,MYC,NM_002467.3,784.8490566037735,0.3335890561092815,0.27832512546335897,1.1985588996103693,0.23069950766332356,0.36859638051590504
Endogenous,RFC4,NM_181573.2,267.9811320754717,0.25301881435416473,0.21299967680954077,1.1878835599380186,0.23487928754830492,0.37318922894755463
Endogenous,AKT3,NM_181690.1,549.622641509434,0.27868387778842896,0.2346144996691903,1.187837402127222,0.23489747566734376,0.37318922894755463
Endogenous,PGF,NM_002632.5,92.18867924528301,-0.20458708662827851,0.17322447304750566,-1.181051863105809,0.23758212095320813,0.37480422522315837
Endogenous,COL5A1,NM_000093.3,4118.358490566037,-0.30729841626166815,0.2602395361352816,-1.1808290962443295,0.2376706228690992,0.37480422522315837
Endogenous,WNT2,NM_003391.2,134.69811320754718,0.22270641712366257,0.1888861707861254,1.1790509394985387,0.2383778925568366,0.37480422522315837
Endogenous,BCL2L1,NM_138578.1,601.7547169811321,-0.14159965600956081,0.12014601188329023,-1.178563098266721,0.23857219300552102,0.37480422522315837
Housekeeping,SAP130,NM_024545.3,297.37735849056605,0.09994163434786195,0.08541328583005611,1.1700947150858052,0.24196285503802373,0.3790751395595705
Endogenous,DAXX,NM_001350.3,431.1509433962264,-0.11047932658878978,0.09597767147883844,-1.1510940501734168,0.24969354549298142,0.39010293534083523
Endogenous,HIST1H3H,NM_003536.2,2298.735849056604,0.22817318581366636,0.19906849570174306,1.1462044006979877,0.25171058745511815,0.39113806976861143
Endogenous,CACNB3,NM_000725.2,145.45283018867926,-0.178744500880036,0.15595539927732643,-1.146125762290442,0.251743119372351,0.39113806976861143
Endogenous,SPRY1,NM_005841.1,189.22641509433961,-0.2501109856034778,0.21891287556710987,-1.1425138195071758,0.25324050506856116,0.3913941930758506
Endogenous,B2M,NM_004048.2,32468.88679245283,0.2028242419451368,0.17765095069602485,1.1417008529956334,0.2535783861452525,0.3913941930758506
Endogenous,ETV7,NM_016135.2,80.09433962264151,0.31058390461732616,0.2722720039927508,1.1407118618982046,0.2539898486981584,0.3913941930758506
Endogenous,PTEN,NM_000314.3,1345.6415094339623,-0.12795853711747882,0.11295701379076259,-1.132807364706936,0.25729515802035596,0.3954072728160239
Housekeeping,TLK2,NM_006852.2,445.9811320754717,0.18072491663225082,0.1612948768700661,1.1204628450650476,0.262516577199709,0.40206121309297094
Housekeeping,TRIM39,NM_021253.3,176.56603773584905,0.10994623928483722,0.09823560237834737,1.1192097022155691,0.2630506872895501,0.40206121309297094
Endogenous,RAC2,NM_002872.3,184.1320754716981,0.2321058944573308,0.20860995989098124,1.1126309337225722,0.2658669693036847,0.40526748834399506
Endogenous,UBB,NM_018955.2,7075.018867924528,0.11614057122793062,0.10493758383571467,1.106758579554822,0.26839832082330006,0.40802332330011115
Endogenous,KAT2B,NM_003884.3,121.56603773584905,0.1648171040829313,0.1494354845355032,1.1029315064975327,0.27005691074015536,0.40944112273507427
Housekeeping,PIAS1,NM_016166.1,295.2830188679245,-0.11683934232538438,0.10610842715136953,-1.1011316015334636,0.2708393850163759,0.4095265768076032
Endogenous,DUSP8,NM_004420.2,138.39622641509433,-0.1469271368324991,0.13373975296381754,-1.0986048170153966,0.27194047569786417,0.41009205426095025
Endogenous,STAT1,NM_007315.2,1647.0943396226414,0.2613570197224378,0.23914297423156164,1.0928902283759603,0.2744419991301622,0.412760766691764
Endogenous,RBX1,NM_014248.2,1103.4716981132076,0.10559825428299363,0.09701067652370114,1.0885219861052553,0.2763647359416787,0.41346445082130734
Endogenous,DLL1,NM_005618.3,53.15094339622642,-0.18202817503342164,0.16722902196813444,-1.0884963201429665,0.276376060212115,0.41346445082130734
Endogenous,MLLT4,NM_005936.2,846.7924528301887,0.20256290204907182,0.18718673003960556,1.0821434938588483,0.27918877207655757,0.41620473439085964
Endogenous,FZD8,NM_031866.1,76.43396226415095,0.25575006441968295,0.23678757574527434,1.0800822788726365,0.28010554244770786,0.41620473439085964
Endogenous,GNG7,NM_052847.1,47.35849056603774,0.25449273085676677,0.23577837209472122,1.0793726693240857,0.2804216295541253,0.41620473439085964
Endogenous,MLH1,NM_000249.2,402.0566037735849,-0.10035738034765124,0.09318320721703031,-1.0769899786118304,0.2814847427730682,0.4164783837275111
Endogenous,CD40,NM_001250.4,119.11320754716981,0.16121921824022917,0.14988044751187843,1.0756521008349145,0.28208287692182493,0.4164783837275111
Endogenous,EP300,NM_001429.2,552.7547169811321,-0.09069192814908203,0.08449716425517476,-1.0733132756408201,0.2831305807176765,0.4168059910957559
Housekeeping,AGK,NM_018238.3,159.96226415094338,0.14591876828756134,0.13613600006217969,1.0718602590124098,0.2837828024481742,0.4168059910957559
Endogenous,NFKBIA,NM_020529.1,1332.5094339622642,0.16823165362941803,0.15898952359809815,1.0581304341453504,0.2899959810776364,0.42482528137087516
Housekeeping,PIK3R4,NM_014602.1,222.9245283018868,-0.08398922155548742,0.08137132235843084,-1.032172258249965,0.3019914284785477,0.4412517245126967
Housekeeping,DDX50,NM_024045.1,416.39622641509436,-0.08071953824666668,0.07836545908469653,-1.0300397546248774,0.3029913440434897,0.4415687804664811
Endogenous,PLA2G2A,NM_000300.2,83.37735849056604,-0.3135519857983988,0.3086303851162122,-1.0159465850400096,0.30965482339242173,0.4495376700398534
Endogenous,PBX3,NM_006195.5,336.9811320754717,-0.1616896752710814,0.1592829330754754,-1.0151098560852443,0.3100534639104663,0.4495376700398534
Endogenous,WNT7B,NM_058238.1,74.26415094339623,-0.30845748261295314,0.30513764184987907,-1.0108798139192128,0.3120739565453287,0.4513069525424754
Endogenous,IL11RA,NM_147162.1,73.98113207547169,-0.1426902375422267,0.1431595692406656,-0.9967216183945768,0.31889965325243497,0.459998476814254
Endogenous,H3F3C,NM_001013699.2,4800.66037735849,0.15782086507803675,0.1633816266961082,0.9659645840813268,0.3340619030768227,0.48064008503910205
Endogenous,POLR2J,NM_006234.4,71,0.11804489322319532,0.12266693200442169,0.9623204175265444,0.3358886758760865,0.4820387104175898
Endogenous,TBL1XR1,NM_024665.4,1933.4528301886792,-0.18933688138925908,0.20084406221244933,-0.9427058948298996,0.3458313573506595,0.49504793285728926
Endogenous,APC,NM_000038.3,127.49056603773585,-0.10334270114021904,0.1144139027239831,-0.9032355219061735,0.3664009089361427,0.5201743790280686
Endogenous,JAG1,NM_000214.2,392.7169811320755,-0.13452760540238717,0.14900677590696676,-0.9028287779770516,0.3666167751714415,0.5201743790280686
Endogenous,CCND2,NM_001759.2,292.5660377358491,-0.14617133975907246,0.16197598322121998,-0.9024260069434973,0.366830611047576,0.5201743790280686
Endogenous,DDIT3,NM_004083.4,293.8679245283019,-0.1309520177464188,0.14518463262747422,-0.9019688611426627,0.3670734093141335,0.5201743790280686
Endogenous,CTNNB1,NM_001904.3,3428.6415094339623,0.1701075594381649,0.1904407109527549,0.8932310669663784,0.37173344430416083,0.525457800971295
Housekeeping,HDAC3,NM_003883.2,334.45283018867923,-0.07729796243376748,0.08684310815910709,-0.8900874700632346,0.3734189204319035,0.5265206778089839
Endogenous,INHBB,NM_002193.2,221.9433962264151,0.3188060545876639,0.36088750618122717,0.8833945457440381,0.37702313667050175,0.5294156948124135
Endogenous,EFNA1,NM_004428.2,711.9433962264151,0.1928753177409895,0.21848368545511354,0.8827904808508682,0.37734948460033724,0.5294156948124135
Endogenous,IL1R1,NM_000877.2,206.24528301886792,0.1964454202230945,0.2235880435451963,0.8786043167079497,0.3796158544472053,0.5312738012611012
Endogenous,PIK3R5,NM_001142633.1,162.54716981132074,-0.11698177254796456,0.13366243275495734,-0.8752030779091583,0.381463418801962,0.5325380401096697
Endogenous,PIK3R2,NM_005027.2,468.0566037735849,-0.1703925594778459,0.1962733655644488,-0.8681389804868628,0.38531825382669144,0.535938298299487
Endogenous,PDGFB,NM_033016.2,67.0377358490566,-0.17832309038773925,0.20611423132100679,-0.8651663169731109,0.38694750988686416,0.535938298299487
Endogenous,TIAM1,NM_003253.2,231.54716981132074,0.1656661292110572,0.1916341963743382,0.864491475662543,0.38731796107880173,0.535938298299487
Endogenous,KRAS,NM_004985.3,483.24528301886795,0.1344154318693939,0.1556101840237087,0.8637958544468685,0.38770004557835236,0.535938298299487
Housekeeping,ZNF143,NM_003442.5,170.20754716981133,-0.05403032234529125,0.06288094684302248,-0.859247913047077,0.39020375434213866,0.5380804827603085
Endogenous,HDAC10,NM_032019.5,207.81132075471697,-0.10326587289118704,0.12325687063798005,-0.8378102766740775,0.4021372661372431,0.5531839465887929
Endogenous,PDGFC,NM_016205.1,196.60377358490567,-0.15562553349568908,0.1872159786474986,-0.8312620248547808,0.4058256224966289,0.5568993943749361
Endogenous,PLCE1,NM_001165979.1,72.09433962264151,0.2223170692588537,0.269000868797172,0.8264548373131162,0.408546127154353,0.5591253219244113
Endogenous,FAS,NM_152876.1,183.0943396226415,0.15509125804473467,0.1880130182027767,0.8248963796616727,0.4094304219056416,0.5591253219244113
Endogenous,CDK2,NM_001798.2,147.32075471698113,0.08814714569749788,0.10716871303078834,0.8225082041637862,0.4107877193134516,0.5596238494994848
Endogenous,IL6R,NM_000565.2,155.8679245283019,0.13930142489372593,0.17151927248191587,0.8121619388772371,0.4166987160507234,0.5663086165123085
Endogenous,HDAC6,NM_006044.2,265.41509433962267,0.08339661307430472,0.1030098166668342,0.8095986943073136,0.4181708587761479,0.5669431835330467
Endogenous,ARID1B,NM_020732.3,670.5471698113207,-0.07789989400128176,0.09650202475818699,-0.8072358501957021,0.4195306148812876,0.5674227021415976
Endogenous,GRIA3,NM_000828.4,67.01886792452831,-0.1843921820121377,0.22935518261666643,-0.80395908175453,0.4214206068073008,0.5686153642088939
Endogenous,GNG12,NM_018841.3,1008.0377358490566,-0.15457219574824993,0.19311520830813994,-0.8004144111820043,0.42347073413219327,0.5700178855621886
Endogenous,CASP8,NM_001228.4,393.92452830188677,0.08876771523374816,0.1116980152168289,0.7947116612719725,0.42678124743830653,0.5727228037892708
Endogenous,PIK3R1,NM_181504.2,520.3207547169811,0.137587492494679,0.17340241626573583,0.7934577583038338,0.4275111709136223,0.5727228037892708
Housekeeping,FTSJ2,NM_013393.1,352.2641509433962,0.06459929677003425,0.08269546191941046,0.7811710010518891,0.43470192701395183,0.5796315267232591
Endogenous,AXIN2,NM_004655.3,115.52830188679245,-0.20575815217891963,0.26340952199682693,-0.7811340707015072,0.4347236450424444,0.5796315267232591
Endogenous,POLR2H,NM_001278698.1,357.62264150943395,0.08203849061175808,0.10632246091412943,0.771600750268712,0.44035092977858914,0.5831983232345257
Endogenous,HSPA6,NM_002155.3,267.33962264150944,-0.1697145525144883,0.22001842566060095,-0.7713651800067368,0.4404905079600656,0.5831983232345257
Endogenous,COL11A1,NM_001854.3,1402.0943396226414,-0.29385296868217975,0.3809604482148438,-0.7713477082966378,0.44050086116650344,0.5831983232345257
Endogenous,FGF13,NM_033642.1,119.69811320754717,0.18928267177119967,0.2471697423800578,0.7658003360304163,0.4437951142447379,0.5861837106183423
Endogenous,JUN,NM_002228.3,527.7547169811321,-0.11836509946648713,0.15550071574854166,-0.761186846611651,0.44654547349601503,0.5884384276910105
Endogenous,MAP2K6,NM_002758.3,67.26415094339623,0.13260546151698172,0.17470262252596047,0.7590353229945177,0.44783142689192595,0.5887574003893852
Endogenous,TNC,NM_002160.3,79.90566037735849,0.2066464609629996,0.2749011491806959,0.7517118847224911,0.45222434170827486,0.5921464492768848
Endogenous,COL5A2,NM_000393.3,2186.1509433962265,-0.18983504309169608,0.2528553835844135,-0.7507652809311112,0.45279392757642,0.5921464492768848
Housekeeping,ZKSCAN5,NM_014569.3,106.52830188679245,-0.09211647719031026,0.12290474483369225,-0.7494948817066182,0.4535589824248479,0.5921464492768848
Endogenous,ASXL1,NM_001164603.1,210.49056603773585,-0.07836485387037265,0.10494194913190068,-0.7467447909879823,0.4552176270260751,0.5929393571425089
Endogenous,ERCC2,NM_000400.2,146.75471698113208,-0.07910701355728973,0.10815234022314685,-0.7314406086273405,0.46451006880451157,0.6036490295063237
Endogenous,MED12,NM_005120.2,278.39622641509436,-0.08478364640656882,0.11809572315565652,-0.717923089346931,0.4728047103524011,0.6130157623879408
Endogenous,FLT1,NM_002019.4,256.92452830188677,-0.14218711806622117,0.19976467026891667,-0.7117730971888748,0.4766052945275386,0.616526114939293
Endogenous,SHC1,NM_183001.4,1408.3584905660377,-0.10784536120379769,0.1521763475610743,-0.7086867501568543,0.4785188889684161,0.6168899048617494
Endogenous,NR4A3,NM_173198.1,120.39622641509433,-0.186012367416195,0.2628063259648548,-0.7077925797001953,0.4790740750522096,0.6168899048617494
Endogenous,NR4A1,NM_173157.1,531.9056603773585,-0.17681288490312955,0.25164561059327695,-0.702626540897246,0.4822885178592785,0.6196144056324216
Endogenous,RB1,NM_000321.1,345.188679245283,-0.11278426606724486,0.1617849727996376,-0.6971244863818248,0.48572489138367014,0.6222275593073208
Endogenous,CDKN2C,NM_001262.2,91.71698113207547,0.10047584174652051,0.14439502256036907,0.6958400640473136,0.4865289958413625,0.6222275593073208
Endogenous,HRAS,NM_005343.2,117.84905660377359,-0.08927831552053443,0.1302471277909064,-0.6854532382768419,0.49305795899189897,0.6291508797996176
Endogenous,CREB3L4,NM_130898.2,389.4339622641509,-0.1743079090049627,0.25911616622377415,-0.6727017906494859,0.5011370281756721,0.638016442192052
Endogenous,PCNA,NM_002592.2,179.60377358490567,0.11429142525557918,0.17138022934125396,0.6668880400900912,0.5048436509339307,0.6408476978297847
Endogenous,BDNF,NM_170732.4,46.132075471698116,-0.11363730617153545,0.17071571561123364,-0.6656522849385388,0.5056333786068337,0.6408476978297847
Endogenous,PPARG,NM_015869.3,65.52830188679245,0.13095283738082264,0.19895638143490313,0.6581987289694918,0.5104104414428421,0.6454517689994685
Endogenous,GADD45B,NM_015675.2,527.1509433962265,0.10538639370807948,0.16210453485789955,0.6501137910821615,0.5156187215814774,0.6492120570783261
Endogenous,NFKB1,NM_003998.2,127.79245283018868,-0.07854073466321727,0.12096670944417999,-0.6492756149530532,0.5161602444423381,0.6492120570783261
Endogenous,PIK3CA,NM_006218.2,358.8301886792453,-0.09092142685417783,0.1402614135856694,-0.6482283653775134,0.5168372582059724,0.6492120570783261
Endogenous,TNFSF10,NM_003810.2,2081.3584905660377,0.1738131175133902,0.273068460668278,0.6365184653255778,0.5244385494354301,0.6572963152924057
Endogenous,FGF7,NM_002009.3,148.41509433962264,-0.13119981299016834,0.20890427033435213,-0.6280379658117209,0.5299790692781086,0.6627676165695193
Endogenous,PRKAR1B,NM_001164759.1,74.98113207547169,0.09631543712275804,0.15990454244818494,0.6023308384373623,0.5469539371807819,0.682482346393719
Endogenous,AXIN1,NM_181050.1,274.62264150943395,-0.05799405618859782,0.09798473895849831,-0.5918682521893674,0.5539388147036302,0.6896721666508773
Endogenous,AKT2,NM_001626.2,1019.6603773584906,-0.06193469275320575,0.10592619607495823,-0.5846966571836293,0.558751702166325,0.6941320705326153
Housekeeping,CNOT10,NM_001256741.1,277.6981132075472,0.06404692494435159,0.11026128653946671,0.5808650248374053,0.5613314261277701,0.6958042293100272
Endogenous,WHSC1,NM_007331.1,331.3207547169811,0.06990119436825984,0.12133108204542462,0.5761194344421147,0.5645344561450101,0.6982399852319862
Endogenous,ABL1,NM_005157.3,387.1698113207547,0.06595567770254836,0.11615499864999802,0.5678247037933178,0.5701540036533294,0.703647391817238
Endogenous,MLF1,NM_022443.3,231.18867924528303,-0.10859987270398941,0.19366411727103844,-0.5607640394838905,0.5749584043252639,0.7080273799987966
Endogenous,MFNG,NM_002405.2,64.90566037735849,0.0921274943439723,0.16551071491297029,0.5566255598159627,0.5777832866459189,0.7099559339178613
Endogenous,ITGA2,NM_002203.2,368.0566037735849,-0.13836002429442254,0.25304905858763643,-0.5467715432994011,0.5845356956267495,0.7166915920293189
Endogenous,FGFR1,NM_015850.2,808.7358490566038,-0.147305990285351,0.27784476204819075,-0.5301737171485764,0.5959914920787373,0.7287380371943961
Endogenous,CD14,NM_000591.2,443.6792452830189,0.09958439510150338,0.1883218789454734,0.5287988610730514,0.5969449879145585,0.7287380371943961
Endogenous,KLF4,NM_004235.4,274.8679245283019,-0.08703559823189186,0.16763966841011793,-0.5191825959650896,0.6036334144991815,0.7353115459558065
Endogenous,MAPK9,NM_139068.2,388.4339622641509,-0.08479191680205038,0.16685573121427638,-0.5081750335153934,0.6113305981364923,0.7430828822176327
Endogenous,IL7R,NM_002185.2,235.9245283018868,0.12744247777027548,0.2517507420638842,0.5062248346339957,0.6126988227555299,0.7431443785679975
Housekeeping,DHX16,NM_001164239.1,176.39622641509433,-0.04287721284993688,0.08701508363215348,-0.49275609538221554,0.6221849363422325,0.7530306954871655
Endogenous,HDAC4,NM_006037.3,146.45283018867926,-0.07550096732315986,0.15583394958688288,-0.48449627005741414,0.6280337108318355,0.758481826357934
Endogenous,SPP1,NM_000582.2,2359.566037735849,0.17450446345076456,0.36174772369834773,0.4823927063499076,0.6295270014142564,0.7586607452941039
Endogenous,H3F3A,NM_002107.3,7931.547169811321,-0.08219725721010948,0.17398023344651323,-0.4724517008731305,0.6366044088422703,0.7655541291834552
Endogenous,TNFRSF10A,NM_003844.2,80.45283018867924,0.0571367581042744,0.12163797268180614,0.4697279709991464,0.638549381284105,0.7662592575409259
Endogenous,CREB3L1,NM_052854.1,666.5849056603773,-0.12976665792604966,0.27905124067839976,-0.46502806298432764,0.6419113601871644,0.7686581892687064
Endogenous,RASGRP1,NM_005739.3,139.9056603773585,-0.12902376575919902,0.28038082709917767,-0.4601732832236782,0.6453918461251879,0.7711885618953516
Endogenous,ID1,NM_002165.2,212.26415094339623,-0.10341713584465843,0.22567907001597884,-0.4582486795844034,0.6467737901309449,0.7712059569426066
Endogenous,GNA11,NM_002067.1,687.433962264151,0.0585314559518323,0.12955978379821603,0.4517717939618717,0.651433391421721,0.7751232758688831
Endogenous,PLA2G4C,NM_003706.2,133.54716981132074,-0.11566617705687376,0.2586639971192477,-0.447167670588304,0.6547540021156517,0.7751609255226044
Endogenous,SPRY2,NM_005842.2,149.1320754716981,0.09765657305520052,0.218556267697148,0.4468257720731331,0.655000861668456,0.7751609255226044
Endogenous,HES1,NM_005524.2,516.0754716981132,-0.08706492483160529,0.19520737273522823,-0.4460124820679637,0.6555882295643304,0.7751609255226044
Endogenous,KDM5C,NM_004187.2,334.79245283018867,0.05342200300721735,0.12451433757631672,0.42904298450348494,0.6678919434485047,0.7880566027300349
Endogenous,RPS6KA5,NM_004755.2,239.83018867924528,-0.07936268053580982,0.18956882126980007,-0.41864838323206355,0.6754731240151992,0.7953378746233243
Endogenous,LIG4,NM_002312.3,156.33962264150944,-0.06100309449558945,0.14924326853904174,-0.40874938677472855,0.6827235865413805,0.8022002141861222
Endogenous,GNAQ,NM_002072.2,763.1698113207547,0.05823828465596749,0.1444252333097978,0.40324175576053306,0.6867703846483488,0.804806978810834
Endogenous,IKBKG,NM_003639.2,227.37735849056602,-0.043308018956508286,0.10777219149053448,-0.4018478083960275,0.6877960350830177,0.804806978810834
Endogenous,GRB2,NM_002086.4,1363.6603773584907,0.06311623398964195,0.1604547793985928,0.39335839185476756,0.6940547963286854,0.8104490789428127
Endogenous,CHUK,NM_001278.3,417.33962264150944,0.035574779474497734,0.09094818330860693,0.39115437142691223,0.6956831330889846,0.8106720807069985
Endogenous,TGFBR2,NM_001024847.1,606.4150943396227,0.05422779636512817,0.14136019640745492,0.3836143252717521,0.7012643208866087,0.8154908803712316
Endogenous,FZD3,NM_017412.2,120.64150943396227,-0.06982064418489989,0.18447162011649781,-0.37848989530642513,0.7050666988439149,0.8171669348699888
Endogenous,IL3RA,NM_002183.2,60.283018867924525,0.05042328809226977,0.1335468380696536,0.377570063216103,0.7057500073343865,0.8171669348699888
Endogenous,FASLG,NM_000639.1,44.0377358490566,0.053053248094030045,0.14116741351315812,0.3758179509967786,0.7070522415187137,0.8171669348699888
Endogenous,NFATC1,NM_172389.1,69.47169811320755,0.06228219226391556,0.167966122925185,0.37080210687280746,0.7107849320041231,0.8198010258697861
Endogenous,NOS3,NM_000603.4,78.83018867924528,-0.06217162314975631,0.17198238244524774,-0.3614999528777271,0.7177257402014305,0.8246963375273985
Endogenous,IL1B,NM_000576.2,67.98113207547169,0.10457689877859697,0.29067776012531515,0.35976917784667267,0.7190197544366035,0.8246963375273985
Endogenous,SOS2,NM_006939.2,409.3018867924528,0.048645240649103305,0.13541173814387109,0.3592394670941978,0.7194159540132625,0.8246963375273985
Endogenous,SMC3,NM_005445.3,468.9433962264151,0.02933529320271831,0.08341574465155477,0.35167573370300825,0.7250814611700471,0.8295049576063014
Endogenous,CDH1,NM_004360.2,2181.698113207547,-0.08733493483758561,0.25239493969847787,-0.346024904231122,0.7293239986386832,0.8326695045186585
Endogenous,TET2,NM_001127208.2,431.45283018867923,0.0450085926703722,0.13167661775146594,0.341811579298946,0.7324926948794219,0.834144265071574
Endogenous,PDGFRA,NM_006206.3,355.188679245283,0.06150412362921608,0.1806948585729802,0.3403756150835659,0.7335736799211005,0.834144265071574
Endogenous,PPP2R1A,NM_014225.3,1529.8867924528302,0.029919027587779663,0.091259556916258,0.3278454180446448,0.7430285448019679,0.843195370761187
Endogenous,RNF43,NM_017763.4,111.60377358490567,0.09209758013556463,0.2891171720576417,0.31854759604940724,0.7500695969309393,0.8484402461454734
Endogenous,NPM1,NM_002520.5,66.45283018867924,-0.05084295740519278,0.16073459952419983,-0.31631619797912885,0.7517625176655147,0.8484402461454734
Endogenous,BAMBI,NM_012342.2,582.4716981132076,0.11025010119363723,0.3492104450615037,0.31571249586827144,0.7522207411315758,0.8484402461454734
Housekeeping,C10orf76,NM_024541.2,310.64150943396226,-0.029204459246104986,0.0932524065569284,-0.3131764672290398,0.7541465962172655,0.8484402461454734
Endogenous,MAP2K1,NM_002755.2,315.1132075471698,-0.03508554454608208,0.11255659627761208,-0.3117146902660979,0.7552573626319427,0.8484402461454734
Endogenous,XRCC4,NM_003401.3,130.77358490566039,-0.03377319911865519,0.10899914243635293,-0.3098483012228846,0.7566763188141367,0.8484402461454734
Endogenous,ENDOG,NM_004435.2,182.66037735849056,-0.047542651301417466,0.15740004209201722,-0.30204980042904744,0.7626140995435207,0.8534014923463208
Endogenous,MAPK1,NM_138957.2,489.79245283018867,0.04172822394062238,0.13940033356115775,0.2993409188817713,0.7646799363058315,0.8540187803494832
Endogenous,INHBA,NM_002192.2,342.41509433962267,-0.07032033202192188,0.24577517821385989,-0.28611649285727725,0.7747888998842829,0.8635986947326789
Endogenous,MAP2K2,NM_030662.2,570.9056603773585,0.03453071726721684,0.12189053756492302,0.28329284583575337,0.7769523609556079,0.8643020346725105
Endogenous,CEBPA,NM_004364.2,316.60377358490564,-0.057521107415306784,0.20973769136128675,-0.2742526011513255,0.7838905072338787,0.8696601278830723
Endogenous,PLAU,NM_002658.2,1121.7924528301887,-0.06681844578633533,0.24475578052721583,-0.2730004808973466,0.7848528459086592,0.8696601278830723
Endogenous,NSD1,NM_022455.4,401.1509433962264,0.03627560868439238,0.1350084538123528,0.26869138679872273,0.7881671804658115,0.8699209455959948
Endogenous,IGFBP3,NM_000598.4,1107.1698113207547,0.05273498664247431,0.19627158705554199,0.26868375312801174,0.788173055318357,0.8699209455959948
Endogenous,PRKACA,NM_002730.3,847.3962264150944,-0.03787554659001068,0.14341772202871475,-0.264092512795785,0.7917086330757165,0.872116541122469
Endogenous,CSF1R,NM_005211.2,62.943396226415096,-0.043572487776219,0.17692167469023307,-0.24628123067741012,0.8054645383090634,0.8855399602462217
Endogenous,NTRK2,NM_001007097.1,130.62264150943398,0.0555852921620428,0.22972233719635488,0.24196729338745732,0.8088055063644954,0.8871170465140982
Endogenous,TSC1,NM_000368.3,310.9433962264151,-0.018440237213862367,0.07688509289960152,-0.23984151567511391,0.8104531212556592,0.8871170465140982
Endogenous,LFNG,NM_001040168.1,170.33962264150944,-0.07037701898949038,0.2952804493253005,-0.23833958242172135,0.8116177234065154,0.8871170465140982
Endogenous,LAMA1,NM_005559.2,322.811320754717,-0.01878036153075256,0.08065417948275572,-0.2328504443439028,0.8158775404041236,0.8900482258954076
Endogenous,SMAD4,NM_005359.3,647.6415094339623,-0.02565472867265501,0.11141621108833645,-0.23026028638071916,0.8178895183737529,0.8905206339050128
Endogenous,TNFRSF10B,NM_003842.3,152.9056603773585,0.028351763532452452,0.13166779288368902,0.2153280077953267,0.8295115946861279,0.9013482888471793
Endogenous,MAPK8,NM_002750.2,267.9622641509434,-0.023653017600472555,0.11084911070272348,-0.2133803099594142,0.8310303372349881,0.9013482888471793
Endogenous,BAX,NM_138761.3,609.1509433962265,-0.02230298600698279,0.10743649073301695,-0.20759227944634204,0.8355473331563571,0.9045080535512197
Endogenous,NFKBIZ,NM_001005474.1,756.9245283018868,0.05779158039345106,0.29056416987961764,0.19889437991406317,0.8423453658682699,0.9076989898568015
Endogenous,JAK2,NM_004972.2,489.24528301886795,-0.027360675973266028,0.13811264950753568,-0.19810405542740078,0.8429636519442012,0.9076989898568015
Endogenous,ALKBH3,NM_139178.3,95.98113207547169,0.02702322662405002,0.13672639276085524,0.19764455185558563,0.8433231749733405,0.9076989898568015
Endogenous,KDM6A,NM_021140.2,443.24528301886795,0.025311981004474713,0.13181781963622316,0.19202245245997873,0.8477246181667875,0.9106984469448917
Endogenous,MTOR,NM_004958.2,256.49056603773585,-0.01871650005619036,0.100877573354025,-0.18553677922550435,0.8528080353634804,0.9144177413403098
Housekeeping,NOL7,NM_016167.3,483.79245283018867,0.02603029557313909,0.1480691424221736,0.17579824632820332,0.860452447409143,0.9208637198078874
Endogenous,STAT4,NM_003151.2,78.13207547169812,0.029691765372825585,0.17292339911585566,0.17170472894146974,0.8636696678760073,0.9225562361402805
Endogenous,CACNB2,NM_000724.3,52,-0.029876780462493303,0.18504866582377758,-0.16145363885490022,0.871736123065,0.9294124261033271
Endogenous,NBN,NM_001024688.1,864.6415094339623,0.024611824605993544,0.1591623330932029,0.15463347469015332,0.8771102784144702,0.929813316725564
Endogenous,ITGA3,NM_005501.2,307.49056603773585,0.03659827251343969,0.24038293980431905,0.1522498749005736,0.8789898579566047,0.929813316725564
Endogenous,GAS1,NM_002048.2,212.66037735849056,0.03320272359961617,0.21984324449889953,0.15102908290539888,0.8799527741913654,0.929813316725564
Endogenous,HDAC1,NM_004964.2,872.6603773584906,-0.015145890196486236,0.10064558824782331,-0.15048737316922384,0.880380112046254,0.929813316725564
Endogenous,VEGFC,NM_005429.2,124.47169811320755,-0.02482238919562276,0.1663356920240836,-0.1492306846087414,0.8813716082632499,0.929813316725564
Endogenous,TNFRSF10D,NM_003840.3,74.30188679245283,0.02243325298322233,0.15113735969221156,0.14842956783754352,0.8820037667520865,0.929813316725564
Endogenous,RAC1,NM_198829.1,1143.5283018867924,-0.014366354099338504,0.10015158269782971,-0.1434461015227653,0.8859378756659723,0.9322182124544932
Endogenous,RAD21,NM_006265.2,2292.245283018868,-0.02733167098750933,0.20104648476675538,-0.13594702249690285,0.8918631619370166,0.9343215786413465
Endogenous,DUSP4,NM_057158.2,656.5283018867924,-0.05231177667933247,0.3871484090509945,-0.13512073266053912,0.8925164182098784,0.9343215786413465
Endogenous,RASGRP2,NM_001098670.1,75.43396226415095,0.026439293954986717,0.19638890971696124,0.13462722509683178,0.8929066150490882,0.9343215786413465
Endogenous,LEFTY1,NM_020997.2,41.735849056603776,-0.02372230819786076,0.1866531754195198,-0.12709297950352433,0.8988668079483768,0.9388164438571936
Endogenous,PLCB1,NM_182734.1,166.9056603773585,-0.031803754012204304,0.2732812002372458,-0.11637739436373325,0.9073534503300801,0.9459285508062204
Endogenous,ATRX,NM_000489.3,517,0.0070710903368309316,0.07620020181778976,0.09279621533994559,0.9260654577596646,0.9636548305838576
Endogenous,NUPR1,NM_001042483.1,562.6792452830189,-0.019045787815818765,0.2249088589521109,-0.08468224819847635,0.9325140091524203,0.9676958814712283
Endogenous,JAG2,NM_145159.1,389.8301886792453,0.013609695688834855,0.16280999562209578,0.08359250693934552,0.9333804246814683,0.9676958814712283
Endogenous,LAT,NM_001014987.1,185.62264150943398,-0.015724681078747815,0.2018553071589228,-0.07790075624005074,0.9379069978482415,0.9680578908218879
Endogenous,ETV1,NM_004956.4,125.32075471698113,-0.013606005631267184,0.175609364633418,-0.07747881589156434,0.9382426430779889,0.9680578908218879
Endogenous,HSPA1A,NM_005345.5,1881.4905660377358,-0.01929325789977922,0.2563472720234251,-0.07526219314717808,0.9400061016316236,0.9680578908218879
Endogenous,AKT1,NM_005163.2,2614.6792452830186,0.013316116998966057,0.1786877195683076,0.07452172444271224,0.940595255621267,0.9680578908218879
Endogenous,HOXA10,NM_018951.3,74.45283018867924,0.018715793325697967,0.26272514834434946,0.0712371596082134,0.9432090074368342,0.9689797453449445
Endogenous,CYLD,NM_015247.1,535.4716981132076,0.007892555788462569,0.12593302915244425,0.06267264308324136,0.9500271822121988,0.9728301327203014
Endogenous,SOCS3,NM_003955.3,415.3207547169811,0.01216644233081699,0.1956145277812967,0.06219600593479162,0.9504067431363228,0.9728301327203014
Endogenous,GADD45A,NM_001924.2,331.0377358490566,0.00974784486558285,0.18572174633521615,0.05248628692080355,0.9581412217261474,0.9789703787201941
Endogenous,ETS2,NM_005239.4,476.47169811320754,0.007242675834066763,0.17139783094760128,0.04225651978221913,0.9662942064906741,0.9835485350915496
Endogenous,ATM,NM_138292.3,190.54716981132074,-0.007903275663778788,0.19005523091860846,-0.0415840996618682,0.966830248909017,0.9835485350915496
Endogenous,HSP90B1,NM_003299.1,973.5471698113207,0.004371844123391066,0.10848132929029965,0.040300429133679455,0.9678536116592376,0.9835485350915496
Endogenous,PDGFA,NM_002607.5,87.52830188679245,-0.006523250257766139,0.17732112747267736,-0.036787777918743936,0.9706542192610752,0.9846204670202273
Endogenous,MECOM,NM_005241.2,87.41509433962264,-0.005765858440724857,0.18131091300173952,-0.031800945377565545,0.974630792716782,0.9868792946001167
Endogenous,SMAD2,NM_001003652.1,753.0188679245283,0.004350238228428889,0.16018169172516683,0.02715814885943925,0.9783335957548881,0.988853311838274
Endogenous,NFE2L2,NM_006164.3,601.7169811320755,0.0017511951893681543,0.07508272943585755,0.023323541945344216,0.9813921930632657,0.9901702985468369
Endogenous,NKD1,NM_033119.3,63.79245283018868,-0.0038681342655859305,0.21731184805398376,-0.017799923475065305,0.9857984658089667,0.9928398834218879
Housekeeping,CNOT4,NM_001190848.1,367.22641509433964,8.426494290656113e-4,0.07395022817023991,0.01139481851395723,0.9909084469790582,0.9962074226313526
Endogenous,SF3B1,NM_001005526.1,1126.566037735849,6.86708555085084e-4,0.07484427499673067,0.009175164768649047,0.9926793804011612,0.9962120472353292
Endogenous,PIK3CG,NM_002649.2,112.79245283018868,-0.001204868381200097,0.19273278837192573,-0.006251496651804802,0.9950120598287585,0.9967793991890227
Housekeeping,ZNF384,NM_133476.3,408.1509433962264,-1.2804438331014278e-4,0.08239773719928332,-0.0015539793647544058,0.9987601043560836,0.9987601043560836
