rowname,baseMean,log2FoldChange,lfcSE,stat,pvalue,padj
Endogenous_SFRP2_NM_003013.2,3212.4814814814813,-1.395349331260308,0.2721721676871993,-5.126715722321572,2.9484018797003976e-7,1.659950258271324e-4
Endogenous_MMP7_NM_002423.3,612.7592592592592,2.3726906877059935,0.48333211080946303,4.90902763264025,9.152908214282676e-7,2.5765436623205733e-4
Endogenous_SFRP4_NM_003014.2,443.27777777777777,-1.3219684711074844,0.27699822063862456,-4.772480011097766,1.8197117368052053e-6,3.414992359404435e-4
Endogenous_FST_NM_006350.2,211.6851851851852,-1.1982470805069425,0.257794795664861,-4.648065440640976,3.350626237178215e-6,4.7160064288283374e-4
Endogenous_ITGA7_NM_002206.1,86.77777777777777,-0.9999630972417006,0.22807415246982568,-4.384377126531233,1.1631811422323685e-5,0.0013097419661536468
Endogenous_TSPAN7_NM_004615.3,76.92592592592592,-1.033655200284459,0.2436946014834259,-4.241600733017304,2.2193124145880824e-5,0.002082454815688484
Endogenous_SUV39H2_NM_024670.3,271.27777777777777,0.743259081372049,0.18101338254209146,4.106100173003602,4.023950314041277e-5,0.0027812563560934474
Endogenous_BRCA2_NM_000059.3,116.03703703703704,0.6409867869502206,0.15643577323456315,4.097443786013773,4.1773756843706374e-5,0.0027812563560934474
Endogenous_THBS4_NM_003248.3,550.1851851851852,-1.7721100462757853,0.4349047171792306,-4.074708726475994,4.60719750080928e-5,0.0027812563560934474
Endogenous_FGF7_NM_002009.3,149.14814814814815,-0.7461534134280985,0.1838520625072311,-4.05844461711574,4.940064575654436e-5,0.0027812563560934474
Endogenous_COL3A1_NM_000090.3,26919.796296296296,-1.0156653921378636,0.2612103847991358,-3.8883040309399823,1.0094712821911293e-4,0.005166657562487326
Endogenous_SETBP1_NM_015559.2,291.81481481481484,-0.8811189894236058,0.23079586581444514,-3.8177416493760172,1.3467884854364022e-4,0.006318682644172453
Endogenous_COL1A2_NM_000089.3,5647.907407407408,-1.052810192611776,0.2779098290911168,-3.788315785932843,1.5167199077786758e-4,0.006568563908303034
Endogenous_PDGFRB_NM_002609.3,1077.6666666666667,-0.7357827692088516,0.19602805726721004,-3.753456415710381,1.7441286914314071e-4,0.007013888951970588
Endogenous_CDC25A_NM_001789.2,60.48148148148148,0.6022282260059086,0.16250739284598326,3.7058512567281894,2.106819219708401e-4,0.007907594804638865
Endogenous_PLA2G2A_NM_000300.2,84.01851851851852,-1.028580158057457,0.2813508341722914,-3.655863189755404,2.5631803321521493e-4,0.008000990319627536
Endogenous_PDGFD_NM_025208.4,209.44444444444446,-0.7996630793390556,0.2194678992900463,-3.643644842484367,2.6880427113143093e-4,0.008000990319627536
Endogenous_IRS1_NM_005544.2,280.3703703703704,-0.9984096575805871,0.2741098351229185,-3.642370793200005,2.701385780794816e-4,0.008000990319627536
Endogenous_IL2RA_NM_000417.1,74.81481481481481,0.8477552585756061,0.23371383460839731,3.627321677367003,2.8637642627322117e-4,0.008000990319627536
Endogenous_IGF1_NM_000618.3,138.9814814814815,-0.8830952029905025,0.24376052473207233,-3.622798252346849,2.9143312506436995e-4,0.008000990319627536
Endogenous_H2AFX_NM_002105.2,454.2962962962963,0.6261781466590081,0.17313752770053292,3.6166517737395223,2.98438360057155e-4,0.008000990319627536
Endogenous_COMP_NM_000095.2,1196.6666666666667,-1.1647054020471994,0.32571629754050924,-3.5758278318951646,3.4912136859470514e-4,0.008721262802618193
Endogenous_EZH2_NM_004456.3,531.8703703703703,0.648549640612033,0.18164058726013477,3.57051059124368,3.562860469986118e-4,0.008721262802618193
Endogenous_ID1_NM_002165.2,217.75925925925927,-0.7416836570740679,0.20857239248941586,-3.556001099770216,3.7654250052534437e-4,0.008816808772306759
Endogenous_CCNE1_NM_001238.1,97.24074074074075,0.8326984336908383,0.23484465780716895,3.5457414337888293,3.9151015862818646e-4,0.008816808772306759
Endogenous_FANCA_NM_000135.2,88.38888888888889,0.7114116648197529,0.20147549160212883,3.531008457468561,4.1397851090266074e-4,0.008964226986084537
Endogenous_BMP7_NM_001719.1,137.25925925925927,1.4163517998036972,0.4112095152880048,3.4443556074126986,5.724222911520683e-4,0.011936064811800536
Endogenous_MCM2_NM_004526.2,229.7037037037037,0.5983076709509336,0.17490385543915282,3.420780344999762,6.2441742386496e-4,0.012134740844051762
Endogenous_RUNX1_NM_001754.4,762.8148148148148,-0.5394702828858954,0.15771671738191292,-3.4205015919749435,6.250576988943181e-4,0.012134740844051762
Endogenous_CACNA2D1_NM_000722.2,247.5,-0.8344189504400354,0.24896176771386402,-3.3515947372250636,8.03475426872737e-4,0.015078555510978364
Endogenous_E2F1_NM_005225.1,135.72222222222223,0.5791885288257721,0.17363226873966225,3.3357194087821647,8.507898769400603e-4,0.015451441958621094
Endogenous_MCM5_NM_006739.3,105.88888888888889,0.43467132053107976,0.13182591762526263,3.29731306530106,9.761462953861777e-4,0.017174073884450563
Endogenous_HOXA9_NM_152739.3,57.81481481481482,-0.8129451308638878,0.24925428983875694,-3.2615090853191875,0.0011082088119490252,0.018906713973554583
Endogenous_IGF1R_NM_000875.2,1332.5740740740741,-1.0980690024025697,0.34132065809993223,-3.217118496475756,0.0012948510702172895,0.021441210368598057
Endogenous_CACNB2_NM_000724.3,51.574074074074076,-0.544571048245292,0.1710058127450146,-3.1845177628979053,0.0014499541184998061,0.023323547677582594
Endogenous_CHEK2_NM_007194.3,115.79629629629629,0.4597061665909114,0.14490290826015897,3.1725116639174282,0.0015112648857495343,0.023413716929491863
Endogenous_PPP2CB_NM_001009552.1,939.5555555555555,-0.3741964531736183,0.11832108452607998,-3.1625509069023034,0.0015639338896805228,0.023413716929491863
Housekeeping_MRPS5_NM_031902.3,510.68518518518516,0.2719596997214143,0.08607641861447267,3.159514581333751,0.0015803219241930565,0.023413716929491863
Endogenous_FN1_NM_212482.1,17230.12962962963,-0.8895634933754446,0.28301043346418614,-3.1432180166884742,0.0016710133033573586,0.023742827121150445
Endogenous_LIFR_NM_002310.3,165.55555555555554,-0.6618744731144671,0.21075777900974169,-3.140450977536036,0.0016868793691758755,0.023742827121150445
Endogenous_HIST1H3H_NM_003536.2,2297.037037037037,0.5642058653080467,0.18386072660955283,3.0686589556789685,0.0021502190409345575,0.02952617853771112
Endogenous_PRKX_NM_005044.1,111.11111111111111,0.6213474430509032,0.20559467035422016,3.0221962562569367,0.0025094779067735265,0.03363895384555941
Endogenous_RFC3_NM_002915.3,315.72222222222223,0.49851260259452373,0.16561715451166106,3.0100299939607016,0.002612218921982724,0.03420184309479706
Endogenous_BRIP1_NM_032043.1,173.5,0.5943430441892164,0.19894441854845776,2.9874828785128726,0.002812850498453498,0.03599170069612089
Endogenous_TCF7L1_NM_031283.1,171.37037037037038,0.7714482448271494,0.2615484129227048,2.949542825385581,0.0031824446365800556,0.039815918453212695
Endogenous_SKP2_NM_005983.2,318.0740740740741,0.45314549640257096,0.15586563774106968,2.9072828557334405,0.003645833667986038,0.04462183380600303
Endogenous_FGF1_NM_033137.1,88.48148148148148,-0.6790364659937073,0.2378886085237973,-2.854430358004215,0.004311408322886969,0.05101447132436764
Endogenous_PRKAR2B_NM_002736.2,323.0740740740741,-0.6001139120122434,0.21044484106557765,-2.8516446826332,0.004349368780763138,0.05101447132436764
Endogenous_MEN1_NM_130802.2,603.2222222222222,0.35053793393554283,0.12498374085619285,2.8046682835239682,0.00503683868580077,0.05787224857358845
Endogenous_FANCG_NM_004629.1,77.81481481481481,0.33446490166729637,0.12031963061449703,2.779803262020632,0.005439184017607008,0.06069933014396305
Endogenous_MAP3K12_NM_006301.2,74.44444444444444,-0.48775726950496545,0.17568747886290334,-2.7762779263602724,0.005498518361176049,0.06069933014396305
Endogenous_PKMYT1_NM_004203.3,171.57407407407408,0.4664506087073483,0.1691297442173625,2.7579454510844315,0.005816590333459935,0.062419636005420776
Endogenous_POLD1_NM_002691.2,56.55555555555556,0.283118675261722,0.10277970023745893,2.754616666594801,0.0058760936204037325,0.062419636005420776
Endogenous_PPP3CB_NM_001142354.1,197.0185185185185,-0.36485384862258624,0.13286254691824417,-2.7461000642046693,0.006030836620511981,0.06287705587681935
Endogenous_COL5A2_NM_000393.3,2235.1481481481483,-0.6563536149649486,0.2406021235531822,-2.727962684917324,0.006372681644849822,0.06523308665546272
Endogenous_CDC6_NM_001254.3,283.81481481481484,0.7619276690676196,0.2809236606677296,2.712223197065665,0.006683357429600865,0.06719161130116584
Endogenous_HGF_NM_000601.4,162.74074074074073,-0.4782073736258695,0.17674799818858056,-2.7055886263314175,0.006818345161595012,0.06734611098207002
Endogenous_COL5A1_NM_000093.3,4206.111111111111,-0.67173137857594,0.24898065600254884,-2.6979259728878833,0.006977295435622264,0.06748192948598043
Endogenous_BRAF_NM_004333.3,374.037037037037,-0.27601034775625904,0.10247490783068482,-2.693443239903176,0.007071818542935782,0.06748192948598043
Endogenous_CCND1_NM_053056.2,2844.574074074074,-1.062497733236578,0.39533019913318546,-2.687620969929054,0.007196303072837098,0.06752531050012144
Endogenous_THBS1_NM_003246.2,3675.1296296296296,-0.6282070130094315,0.23563066030286,-2.666066513593717,0.007674450757991268,0.0708314061762145
Endogenous_COL1A1_NM_000088.3,28075.796296296296,-0.7706975727664332,0.29380512592168895,-2.6231590424050517,0.008711859439614517,0.07715334588258788
Endogenous_NUMBL_NM_004756.3,85.81481481481481,-0.3566997127569542,0.1359944781257404,-2.6228985005343373,0.008718524188500469,0.07715334588258788
Endogenous_SMAD3_NM_005902.3,400.98148148148147,-0.4602689242499238,0.17561676894767184,-2.62087115602878,0.008770540206901642,0.07715334588258788
Endogenous_LEF1_NM_016269.3,171.03703703703704,-0.6586376195652435,0.25273951653297966,-2.605993825580887,0.009160811299652466,0.07934671941083597
Endogenous_AXIN2_NM_004655.3,115.64814814814815,-0.6434736086352985,0.2482533866324996,-2.5920033453072717,0.009541884374137055,0.08139516519150246
Endogenous_VEGFA_NM_001025366.1,2277.314814814815,0.589994370387385,0.22930108769604665,2.573011651691162,0.010081781352549557,0.08471705823112538
Endogenous_MAP3K1_NM_005921.1,626.4074074074074,-0.38767321607413197,0.1522448404254141,-2.5463799954787696,0.010884662927372713,0.09011860629574761
Endogenous_MYD88_NM_002468.3,624.2592592592592,0.296153772096316,0.11726632737549707,2.5254800651171214,0.011554033638874705,0.09395884679329675
Endogenous_CUL1_NM_003592.2,755.9814814814815,0.23390901607374598,0.09276217001972345,2.5215992254602426,0.01168227224783441,0.09395884679329675
Endogenous_ERCC6_NM_000124.2,181.61111111111111,-0.2579646885867911,0.10310181308045213,-2.502038333559632,0.01234805541231901,0.09718925626780174
Endogenous_RUNX1T1_NM_004349.2,122.61111111111111,-0.5488227484087875,0.21955375624750192,-2.4997192386456017,0.012429176645260612,0.09718925626780174
Endogenous_SMARCA4_NM_003072.3,895.7222222222222,0.2986480871178574,0.12054798130694606,2.4774208898398955,0.013233574229492154,0.10097332092631713
Endogenous_PRKDC_NM_006904.6,1514.351851851852,0.3525307658845283,0.1423671646345317,2.476208378452321,0.013278605295643951,0.10097332092631713
Endogenous_TNFAIP3_NM_006290.2,409.037037037037,0.5694722910340178,0.2304067295751241,2.471595738909793,0.01345115287650761,0.10097332092631713
Endogenous_PPP3CC_NM_005605.3,108.27777777777777,-0.31541843730498065,0.12858957507785818,-2.452908310133241,0.014170645384768435,0.10330585804188398
Endogenous_TGFB3_NM_003239.2,550.5555555555555,-0.605328621364844,0.24681296350190834,-2.4525803376618978,0.014183570353312476,0.10330585804188398
Endogenous_MMP3_NM_002422.3,113.88888888888889,-0.7473465138229919,0.30512324747582475,-2.4493266901343036,0.014312356886797425,0.10330585804188398
Endogenous_BAMBI_NM_012342.2,575.1111111111111,0.8037806595345224,0.3331759359937227,2.412481132940124,0.015844357460418363,0.11131866815616161
Endogenous_CACNA1H_NM_021098.2,264.2962962962963,-1.049473354748288,0.43512704341988195,-2.4118780264723374,0.01587058991326795,0.11131866815616161
Endogenous_RPS27A_NM_002954.5,25998.5,0.3262876364025754,0.1354998106655557,2.408030201665207,0.016038854132901095,0.11131866815616161
Endogenous_TGFBR2_NM_001024847.1,608.925925925926,-0.32034143333390186,0.13324926301708911,-2.4040765860957767,0.01621337617905018,0.11131866815616161
Endogenous_NFE2L2_NM_006164.3,601.9629629629629,-0.16828520200632455,0.07033877112946252,-2.3924956223159777,0.016734227723714218,0.11351048443916993
Endogenous_SF3B1_NM_001005526.1,1128.0185185185185,-0.1674851105587693,0.070162387526121,-2.387106774215967,0.016981558445256773,0.1138168738652329
Endogenous_CDC14A_NM_033313.2,181.1851851851852,-0.4854502280063862,0.2039018072758208,-2.380803949175943,0.017274903051027298,0.11442082844386316
Endogenous_IL20RA_NM_014432.2,122.20370370370371,-0.8165160974886957,0.3437308802593434,-2.37545168148011,0.017527487051783194,0.11474389779248766
Endogenous_CTNNB1_NM_001904.3,3431.1666666666665,-0.42637467913716753,0.18055363718245446,-2.3614848517634908,0.01820191553473321,0.11778940742591722
Endogenous_JAG1_NM_000214.2,396.1296296296296,-0.3318911350920855,0.1428512644149961,-2.323333548717575,0.02016124089018416,0.12853547055294443
Endogenous_PRKAA2_NM_006252.2,145,-0.7742521651395128,0.33367147264658936,-2.3204026373557194,0.020319106357392636,0.12853547055294443
Endogenous_E2F5_NM_001951.3,200.64814814814815,0.49748842919737796,0.21590615459798954,2.3041882716298003,0.02121207728891268,0.1321728752530231
Endogenous_PIK3CB_NM_006219.1,230.24074074074073,0.2812768356031235,0.12221481455851123,2.3014954170589537,0.021363644135035706,0.1321728752530231
Endogenous_LEPR_NM_001003679.1,166.1851851851852,-0.49784386866342806,0.2184014671468624,-2.2794895802080704,0.022637978671642096,0.13853458687102718
Endogenous_PPP3R1_NM_000945.3,1383.4074074074074,0.22325175904534944,0.09874500699762676,2.260891622102119,0.02376596904808514,0.1417478587550801
Endogenous_CDKN2D_NM_001800.3,110.92592592592592,0.4306344539475268,0.19048363550058386,2.26074251898771,0.023775205888193377,0.1417478587550801
Endogenous_PDGFRA_NM_006206.3,356.14814814814815,-0.3862774904445325,0.1711375327154861,-2.2571173273060667,0.02400074444742539,0.1417478587550801
Endogenous_ETV1_NM_004956.4,127.11111111111111,-0.3803548811556813,0.16898138336863303,-2.2508685487911815,0.02439386428270873,0.1417478587550801
Endogenous_BMP4_NM_001202.2,89.72222222222223,-0.6097545162742442,0.2709507191842047,-2.2504259007325427,0.02442192237876158,0.1417478587550801
Endogenous_SYK_NM_003177.3,294.05555555555554,0.28678188288630224,0.12790611210303826,2.242128059175759,0.024953097002524953,0.14335299604511784
Endogenous_MAPK3_NM_001040056.1,624.5185185185185,-0.3225074892237526,0.14445095616498826,-2.232643506045004,0.025572462684052295,0.14542723728405496
Endogenous_HDAC6_NM_006044.2,291.9074074074074,0.35648356641844187,0.16000226761086753,2.227990713765541,0.025881134255310446,0.1457107858573978
Endogenous_SMC1A_NM_006306.2,309.8888888888889,0.22440633766310686,0.10124016906022297,2.216574110317992,0.026652208368188324,0.14650245330696007
Endogenous_PDGFC_NM_016205.1,197.2962962962963,-0.3955864436016303,0.17858423257319317,-2.215125254350203,0.02675146846229729,0.14650245330696007
Endogenous_GNAS_NM_080425.1,2378.722222222222,0.32426908990476194,0.1464630799840571,2.213998844897018,0.026828858394381292,0.14650245330696007
Endogenous_HOXA10_NM_018951.3,74.4074074074074,-0.5521647010134961,0.2497789534156414,-2.2106133982180385,0.02706262014906545,0.14650245330696007
Endogenous_CCNE2_NM_057735.1,65.92592592592592,0.39497048249097577,0.17989476258704504,2.195564099871239,0.02812315818724526,0.14771066923024376
Housekeeping_COG7_NM_153603.3,428.1666666666667,-0.19746223740790875,0.0899491439154474,-2.1952653334146697,0.028144570111157508,0.14771066923024376
Endogenous_TCF3_NM_003200.2,495.9259259259259,0.32974475052194946,0.15025185685867384,2.1946134804317645,0.028191335728702187,0.14771066923024376
Endogenous_BMP6_NM_001718.2,58.333333333333336,0.527766804491403,0.24070219601016157,2.192613167804762,0.02833526159301301,0.14771066923024376
Endogenous_BCOR_NM_001123383.1,231.66666666666666,-0.18128797014399353,0.08331527032553111,-2.1759272872267172,0.029560698044246457,0.15086261715797192
Endogenous_ITGB8_NM_002214.2,451.75925925925924,0.6664128189853611,0.306284464063128,2.175797003037044,0.02957044289240698,0.15086261715797192
Endogenous_SKP1_NM_170679.2,3231.1666666666665,-0.2484802141989889,0.11432337427401905,-2.173485656602581,0.029743784199884337,0.15086261715797192
Endogenous_MCM4_NM_182746.1,482.94444444444446,0.37608225631489095,0.1735941405923195,2.166445566835741,0.03027715513923446,0.1521967709231161
Endogenous_PLCG2_NM_002661.2,145.75925925925927,0.4361332441499071,0.2021583149938486,2.157384642640982,0.03097570681504428,0.15433029147672506
Endogenous_CDC25B_NM_021873.2,227.7962962962963,0.38066700099875633,0.17675002537630122,2.1537026667369092,0.031263496887992216,0.15439779603455805
Endogenous_FGFR1_NM_015850.2,819.1296296296297,-0.5727913229600362,0.2664252957087316,-2.149913436095941,0.03156206263139886,0.15451688053458745
Endogenous_DNMT3A_NM_022552.3,443.48148148148147,0.2668391927434475,0.12436595959854557,2.145596701901443,0.0319051688093952,0.15485008654904742
Endogenous_HIST1H3B_NM_003537.3,1384.7222222222222,0.5257103160784118,0.24705932603732594,2.1278707608835092,0.03334780044282499,0.15956559091203876
Endogenous_C19orf40_NM_152266.3,83.74074074074075,0.23123714389092193,0.10872961566016394,2.1267172010766333,0.0334435874380472,0.15956559091203876
Endogenous_HIST1H3G_NM_003534.2,498.0740740740741,0.6643702655541669,0.3159175568201494,2.1029862102041714,0.03546697493421883,0.16779753687365717
Endogenous_PTTG2_NM_006607.2,205.11111111111111,0.3623685281181232,0.1742077021467615,2.080094758455888,0.03751684227681849,0.1760165183487401
Endogenous_BAX_NM_138761.3,610.1111111111111,0.2114404324048792,0.1019743628248374,2.0734665708877533,0.03812887908504041,0.17740957789155165
Endogenous_CIC_NM_015125.3,291.35185185185185,-0.22545207938042255,0.10955246693708463,-2.0579370386054237,0.03959617768533647,0.18272662325282324
Endogenous_GSK3B_NM_002093.2,961.9814814814815,0.19577321192206407,0.09533589422527865,2.053509997603338,0.040023141123566475,0.18319535327290995
Housekeeping_NUBP1_NM_001278506.1,69.0925925925926,-0.2801987916479941,0.13694057821596586,-2.0461341356840115,0.040743175313902556,0.18498715888489628
Endogenous_COL4A5_NM_033381.1,305.1666666666667,-0.7022616013551503,0.349839742553082,-2.007380854531113,0.04470912580767973,0.20085694650333735
Endogenous_CDK6_NM_001259.5,174.2037037037037,0.45486656984765167,0.2268544253674347,2.005103356969595,0.044951998684583494,0.20085694650333735
Endogenous_SPRY1_NM_005841.1,187.74074074074073,-0.42586997706443325,0.2128006139068534,-2.001262915767922,0.045364063928215403,0.20110211016996277
Endogenous_BMP8A_NM_181809.3,111.62962962962963,-0.4981419319418433,0.2502907842228088,-1.9902527913229016,0.0465630955666233,0.2048048656563197
Endogenous_IL11RA_NM_147162.1,74.03703703703704,-0.27293930550270884,0.137833291037967,-1.9802132231430658,0.047679574647825386,0.2072373570102752
Endogenous_CREB3L1_NM_052854.1,668.0555555555555,-0.5290597810690612,0.267380492098786,-1.978677565129155,0.04785232044642234,0.2072373570102752
Endogenous_H3F3A_NM_002107.3,7925.925925925926,-0.32637150662605224,0.16613977401003124,-1.9644393317060036,0.049479165382222454,0.21264710007779575
Endogenous_TTK_NM_003318.3,171.62962962962962,0.3546527971766666,0.18146215538934718,1.9544174178672113,0.05065187247552964,0.21508219369953616
Endogenous_MYB_NM_005375.2,630.425925925926,-0.6429775255903734,0.3292116642280658,-1.9530824556232675,0.050809825509837134,0.21508219369953616
Endogenous_IRAK3_NM_007199.1,83.33333333333333,-0.4399549647078268,0.22869519901633312,-1.9237612621522753,0.05438451511630958,0.2275503305468572
Endogenous_FANCC_NM_000136.2,152.07407407407408,0.24133014680835116,0.125599112096235,1.9214319494825898,0.054677273873058166,0.2275503305468572
Endogenous_PRDM1_NM_182907.1,247.77777777777777,0.35255028630247603,0.18391029833614803,1.9169687042652217,0.05524190764790756,0.2275503305468572
Endogenous_DNMT1_NM_001379.2,557,0.24716075349789715,0.12900191922692114,1.91594632838856,0.05537192768191729,0.2275503305468572
Endogenous_UBB_NM_018955.2,7025.851851851852,0.1985409779268114,0.10380828392140777,1.9125735483415258,0.0558026686802223,0.22765871352873301
Endogenous_HMGA1_NM_145904.1,268.22222222222223,0.34215649735906245,0.18125905961076114,1.887665632238274,0.05907085296043506,0.2385579879495753
Endogenous_KIT_NM_000222.1,77.03703703703704,-0.4426734662494163,0.23474021777309462,-1.8858015488309499,0.0593217021544237,0.2385579879495753
Endogenous_RAD50_NM_005732.2,236.25925925925927,-0.28622232221296773,0.15231117492655086,-1.8791945000161212,0.060217940356858304,0.23904326795172448
Endogenous_PIK3R2_NM_005027.2,467.77777777777777,0.3547698581975135,0.18884242737448828,1.8786554649288587,0.06029155248515964,0.23904326795172448
Endogenous_NGFR_NM_002507.1,135.96296296296296,-0.6338124455358821,0.3403112175661002,-1.862449466311741,0.06253976213570658,0.24460155626801178
Endogenous_U2AF1_NM_001025203.1,2058.703703703704,0.23531259655481734,0.12647734583890788,1.8605118173062483,0.0628131481060304,0.24460155626801178
Endogenous_SOS1_NM_005633.2,478.01851851851853,0.1740949718336961,0.093774012046198,1.8565375207357855,0.06337698010773803,0.24460155626801178
Endogenous_MSH6_NM_000179.1,275.72222222222223,0.20206262550812637,0.10887874235686612,1.8558501056692622,0.0634749263952423,0.24460155626801178
Endogenous_HDAC4_NM_006037.3,146.07407407407408,-0.27752884982102544,0.1497633650191406,-1.8531157455333334,0.06386577046429437,0.24460155626801178
Endogenous_CACNA1D_NM_000720.2,131.53703703703704,-0.6085413817501786,0.329622897442316,-1.8461744814213743,0.06486687496551585,0.246757098686388
Endogenous_HELLS_NM_018063.3,184.0185185185185,0.25182935836724596,0.138209390032509,1.8220857375031592,0.06844197746418687,0.25643684601828715
Endogenous_HSPA1A_NM_005345.5,1882.9444444444443,-0.44791842083794015,0.246081368113662,-1.8202045293857927,0.06872786361442283,0.25643684601828715
Endogenous_MMP9_NM_004994.2,573.1296296296297,-0.6769470841342592,0.3725981745474446,-1.816828772595236,0.06924333569918222,0.25643684601828715
Endogenous_PTEN_NM_000314.3,1342.9259259259259,-0.1989996117532134,0.10955162663562232,-1.8164916201116976,0.06929499224001524,0.25643684601828715
Endogenous_CBLC_NM_012116.3,60.925925925925924,-0.3812013995253073,0.2101524914043745,-1.8139275769602998,0.06968887644901943,0.25643684601828715
Endogenous_CCNA2_NM_001237.2,233.05555555555554,0.35289239690384033,0.1954542351195794,1.8054988508585648,0.07099665517536147,0.25955270690732796
Endogenous_CDK4_NM_000075.2,448.77777777777777,0.17493262858105432,0.0975934385240455,1.7924630100819088,0.0730588293158946,0.2637743695524299
Endogenous_WHSC1_NM_007331.1,332.3888888888889,0.2091624692053155,0.11686616600670119,1.7897606839718005,0.07349239213549437,0.2637743695524299
Endogenous_CCND2_NM_001759.2,293.25925925925924,-0.2793785971450781,0.15657508906821244,-1.7843106384781677,0.07437320251534237,0.2637743695524299
Endogenous_IL2RB_NM_000878.2,175.07407407407408,0.5063422992359202,0.2842665386131658,1.781223712457267,0.07487591136296809,0.2637743695524299
Endogenous_PTPN11_NM_002834.3,507.8333333333333,0.15465105496680415,0.08695043820321148,1.7786115649626728,0.07530346674146586,0.2637743695524299
Endogenous_COL27A1_NM_032888.2,253.74074074074073,0.48792030748955484,0.274337700526681,1.7785390289152097,0.07531536779881541,0.2637743695524299
Endogenous_WNT5A_NM_003392.3,274.85185185185185,-0.5594617824008706,0.3148114032966718,-1.777133155096181,0.07554633427239632,0.2637743695524299
Endogenous_ETV7_NM_016135.2,79.01851851851852,0.4772970984699306,0.2691872794429874,1.7731042100413212,0.07621144050840668,0.2637743695524299
Endogenous_RAC3_NM_005052.2,289.48148148148147,0.44798548567944885,0.2527907113290187,1.7721595992361254,0.07636806791660047,0.2637743695524299
Endogenous_KRAS_NM_004985.3,479.5740740740741,0.26902106331724884,0.15223908976592415,1.7670958472681577,0.07721217787488338,0.26506375697292284
Endogenous_ETS2_NM_005239.4,474.48148148148147,-0.2903170127031652,0.16498905572749303,-1.7596137599737052,0.07847331688523511,0.26654575926815444
Endogenous_GRIA3_NM_000828.4,66.75925925925925,-0.39041625776081673,0.22196337089659626,-1.7589220067427065,0.07859075672915389,0.26654575926815444
Endogenous_THEM4_NM_053055.4,213.1851851851852,-0.248863167568244,0.141855827515426,-1.7543386967389942,0.07937248883089276,0.26758509707660255
Endogenous_FOS_NM_005252.2,2270.759259259259,-0.4699211366879934,0.2689292673210683,-1.7473781911842479,0.08057175792196479,0.2693882233669773
Endogenous_APH1B_NM_001145646.1,63.94444444444444,-0.3760639034612465,0.21542385054864652,-1.7456929792289857,0.08086431571761842,0.2693882233669773
Housekeeping_DDX50_NM_024045.1,417.5925925925926,-0.13250176146647455,0.07638730836761694,-1.7346044035064645,0.0828108989900948,0.27425021253778453
Housekeeping_RBM45_NM_152945.2,127.62962962962963,-0.1428241526885727,0.08321514100630353,-1.7163241083465064,0.08610273820425024,0.28348445385375953
Endogenous_JUN_NM_002228.3,526.6111111111111,-0.2569419330952358,0.15033241897581712,-1.709158509160743,0.08742159206623033,0.2861532344958586
Endogenous_TGFB1_NM_000660.3,604.7592592592592,-0.2663897075173203,0.1575811704550729,-1.6904919969056151,0.09093386807219468,0.295929293206044
Endogenous_SOCS1_NM_003745.1,116.92592592592592,0.36024514631484206,0.2157363338793656,1.6698399376540911,0.09495103632452731,0.3072266290270625
Endogenous_SRSF2_NM_003016.3,715.7222222222222,0.1798315133573703,0.10818145104151236,1.662313748115319,0.09644988264380207,0.309851416305107
Endogenous_RASGRP1_NM_005739.3,151.7037037037037,-0.48588575744352586,0.2928930606363197,-1.6589186387274701,0.09713218826360655,0.309851416305107
Endogenous_GAS1_NM_002048.2,216.66666666666666,-0.35679948525232574,0.21538277036980089,-1.6565832291957234,0.09760376531587009,0.309851416305107
Endogenous_COL11A1_NM_001854.3,1466.7777777777778,-0.6229784633195932,0.376465964397925,-1.654806867643164,0.09796368046591304,0.309851416305107
Endogenous_BCL2_NM_000657.2,277.3703703703704,-0.47020439671310127,0.2848165133619513,-1.6509028608027192,0.09875841158767085,0.31062003197686416
Endogenous_RASA4_NM_001079877.2,253.27777777777777,-0.31348027636643916,0.1910385477028771,-1.6409268188847212,0.10081260714381696,0.314663628730807
Housekeeping_EDC3_NM_001142443.1,384.98148148148147,-0.13746105713205292,0.08398805180845591,-1.6366739574522833,0.10169861327899433,0.314663628730807
Endogenous_SMARCB1_NM_003073.3,895.3148148148148,0.1905828450660921,0.1164527438422805,1.6365680943010736,0.10172074676555394,0.314663628730807
Endogenous_DUSP8_NM_004420.2,139.22222222222223,-0.21391025221121684,0.13112757507651085,-1.6313140244254773,0.1028240756471296,0.3163385496684916
Endogenous_MAP3K13_NM_004721.3,98.01851851851852,0.2707469453592328,0.16645930127346584,1.6265053576936455,0.10384219454662337,0.3172031185090513
Endogenous_AMER1_NM_152424.3,116.48148148148148,0.3241616189510662,0.19974056327722917,1.6229133113094676,0.10460793758972517,0.3172031185090513
Housekeeping_PRPF38A_NM_032864.3,570.1851851851852,0.21035931853941128,0.1296883303620393,1.6220373718450225,0.10479534643460665,0.3172031185090513
Endogenous_VHL_NM_000551.2,723.2222222222222,0.20052234793566154,0.12405557594556307,1.6163912537365746,0.10600974816775414,0.3191630386013133
Endogenous_XPA_NM_000380.3,211.2037037037037,-0.14432070186332438,0.0895698967977684,-1.6112634604143037,0.1071223112660063,0.3207971342700082
Endogenous_ITGB7_NM_000889.1,78.62962962962963,0.3096027344035882,0.19282412639153104,1.6056223886368721,0.10835690321506608,0.3224000901357161
Endogenous_NFKBIA_NM_020529.1,1320.1296296296296,0.2533305122833428,0.1580163937594391,1.6031913287997697,0.10889241930662916,0.3224000901357161
Housekeeping_SF3A3_NM_006802.2,607.2037037037037,0.17946958279579805,0.11225629762061512,1.5987484586596563,0.1098765055187601,0.3224000901357161
Endogenous_DLL4_NM_019074.2,88.20370370370371,-0.3026167981192098,0.1893217247223053,-1.5984261635218264,0.10994816573011987,0.3224000901357161
Endogenous_CCNB1_NM_031966.2,476,0.3111273897881401,0.19539945452935364,1.5922633486236337,0.11132554454613967,0.32474757295065615
Endogenous_TNF_NM_000594.2,88.70370370370371,0.3932849805869793,0.2478862949795341,1.5865539505499873,0.11261370396771203,0.3261613574387647
Endogenous_ATR_NM_001184.2,408.037037037037,0.16246147606762545,0.10274928168390413,1.581144640674168,0.11384496972494125,0.3261613574387647
Endogenous_MED12_NM_005120.2,278.2962962962963,-0.1808576678376173,0.1145261961710346,-1.5791816534928185,0.11429439687238081,0.3261613574387647
Endogenous_FLT1_NM_002019.4,258.4259259259259,-0.30638624021711597,0.19420473670068536,-1.5776455580963937,0.11464705991844212,0.3261613574387647
Endogenous_CDC7_NM_003503.2,134.2037037037037,0.3545703172463296,0.22478354464387013,1.577385559107913,0.11470683618627958,0.3261613574387647
Housekeeping_PIK3R4_NM_014602.1,224.27777777777777,-0.12678321579220922,0.08092677284173429,-1.5666411910450797,0.11719858404227672,0.3315718734462402
Endogenous_PLCB4_NM_000933.3,202.38888888888889,0.37227984857831287,0.23822846289584304,1.562700963826808,0.11812294760845088,0.33202044355537397
Endogenous_RAC2_NM_002872.3,181.6851851851852,0.3279511497507569,0.21009775531973524,1.560945519154489,0.11853660595849053,0.33202044355537397
Endogenous_HHEX_NM_002729.4,235.83333333333334,-0.38500479668838006,0.2477228254277749,-1.5541757043322217,0.12014251114165282,0.3332506033432556
Endogenous_PIK3CD_NM_005026.3,163.6851851851852,0.3140325036230864,0.2020666060320382,1.554103915484658,0.12015963140085416,0.3332506033432556
Endogenous_B2M_NM_004048.2,32203.09259259259,0.2692815299353185,0.17532543980933837,1.5358953625221463,0.12456404572072423,0.3437723418665085
Housekeeping_ZNF346_NM_012279.2,123.70370370370371,-0.22487630029250139,0.14754798295965998,-1.5240892879842565,0.12748640822888593,0.35012120894079407
Endogenous_EPOR_NM_000121.2,74.46296296296296,-0.26495319703957776,0.17453906124062502,-1.5180166270878757,0.1290102071292233,0.35028087932496854
Endogenous_NTRK2_NM_001007097.1,129.9814814814815,-0.33810029975057493,0.22286144529607468,-1.5170874410394484,0.1292446086609519,0.35028087932496854
Endogenous_PRKACA_NM_002730.3,849.8888888888889,-0.2102967106987405,0.13881646917311458,-1.5149262328267743,0.12979108621644328,0.35028087932496854
Endogenous_CAPN2_NM_001748.4,1922.462962962963,-0.32509124337663076,0.21478897622245383,-1.5135378411596807,0.1301430966100431,0.35028087932496854
Endogenous_NFKB1_NM_003998.2,127.18518518518519,-0.1790531070509013,0.11845878017712216,-1.5115224619329792,0.13065539015673783,0.35028087932496854
Endogenous_ITGA9_NM_002207.2,93.37037037037037,-0.2513444373554126,0.16663734258942542,-1.5083320067981125,0.13146957541063833,0.35079322728051837
Endogenous_UBE2T_NM_014176.3,326.7962962962963,0.3041634306304534,0.20271360721085635,1.5004588730645603,0.1334955791681355,0.35451892014934094
Endogenous_BAD_NM_004322.3,218.22222222222223,-0.15463418644188942,0.10341164125949158,-1.4953266823593365,0.1348292047456687,0.35488616732727574
Endogenous_PDGFA_NM_002607.5,87.25925925925925,-0.25689779073158214,0.17182923253539417,-1.4950761691766572,0.13489456449029666,0.35488616732727574
Endogenous_ACVR1B_NM_004302.3,135.53703703703704,-0.19105412063795518,0.129044834094222,-1.480525136701382,0.1387331575682116,0.36328729167861923
Endogenous_FANCF_NM_022725.2,217.72222222222223,-0.1654828847034799,0.11221865240787826,-1.4746468715557508,0.14030750652534146,0.36563769645210975
Endogenous_PRKCB_NM_212535.1,72.29629629629629,0.309353048477641,0.21026191308885725,1.4712747731297755,0.14121682275157532,0.36563769645210975
Endogenous_STAT1_NM_007315.2,1626.3148148148148,0.35054548760282417,0.23847669129589139,1.4699360583122263,0.14157907251609222,0.36563769645210975
Endogenous_CDH1_NM_004360.2,2186.425925925926,0.3578166199774534,0.2445886725734597,1.462932098255641,0.1434859598741993,0.3688702986720283
Endogenous_AKT3_NM_181690.1,547.4444444444445,0.33572856089461633,0.2298993878677351,1.4603282070840768,0.14419989337827332,0.36902063623621767
Endogenous_NBN_NM_001024688.1,862.7407407407408,0.22416578298339493,0.15408138725332782,1.454853094065412,0.14570993576003882,0.3711977096511396
Endogenous_LIG4_NM_002312.3,155.53703703703704,-0.21008856941762052,0.14567552515228532,-1.4421679221543875,0.1492550075452801,0.3780049838329916
Endogenous_IL1RAP_NM_002182.2,114.87037037037037,0.32126943953016246,0.2230257337091362,1.4405039014428394,0.1497248870244354,0.3780049838329916
Endogenous_POLD4_NM_021173.2,810.5370370370371,-0.31116744417771436,0.21723132852738344,-1.4324243482149934,0.15202241448212225,0.3820920506849769
Endogenous_TLR4_NM_138554.2,262.48148148148147,0.23572635768593944,0.16792647799723803,1.4037474048006684,0.16039408077640802,0.400406014542392
Endogenous_MUTYH_NM_012222.2,76.75925925925925,-0.17320611314346604,0.12357572553074199,-1.4016192290157947,0.16102898174953306,0.400406014542392
Endogenous_HSPB1_NM_001540.3,1648.4074074074074,-0.45162618077449523,0.32253568830056006,-1.4002363061096053,0.16144256714231436,0.400406014542392
Endogenous_NR4A3_NM_173198.1,118.98148148148148,-0.3606016608770012,0.25955945814563436,-1.3892834553332816,0.16474657283133387,0.4068084232633376
Endogenous_FANCB_NM_152633.2,45.68518518518518,0.19031331662027748,0.1375557929457858,1.3835354552845678,0.16650074369794757,0.409344623152596
Endogenous_GNG12_NM_018841.3,1011.4444444444445,-0.25859884518274057,0.18847254190286752,-1.3720770281541266,0.17003945985975824,0.4148206570974565
Endogenous_CARD11_NM_032415.2,52.129629629629626,0.2777657781014641,0.20251874192906186,1.371555913569519,0.17020172609149636,0.4148206570974565
Endogenous_CDKN1C_NM_000076.2,215.42592592592592,-0.2880383657657865,0.21058283599636096,-1.3678150187452316,0.17136998538859383,0.41586768005938934
Endogenous_SHC2_NM_012435.2,74.27777777777777,-0.37135347868993857,0.2731612390077668,-1.3594662260240367,0.17399889776145117,0.4192766193603814
Endogenous_HSPA2_NM_021979.3,117.42592592592592,-0.449815571003437,0.33123410653250446,-1.3579989564247847,0.17446401529463917,0.4192766193603814
Endogenous_GATA2_NM_032638.3,75.81481481481481,-0.3626181856437146,0.2673615862349898,-1.3562837906153122,0.17500889085202423,0.4192766193603814
Endogenous_IKBKB_NM_001556.1,346.2962962962963,-0.20336015370809063,0.1512475902475128,-1.3445513635972444,0.17877015873332827,0.42632415579109695
Endogenous_SIN3A_NM_015477.1,343.6666666666667,-0.09342192275325138,0.06959300322741507,-1.3424039547189606,0.1794650531482948,0.42632415579109695
Endogenous_STAT3_NM_139276.2,2163.8333333333335,-0.17012892971343585,0.12751952624523674,-1.3341402271700387,0.1821579043702888,0.43017874212046076
Endogenous_MSH2_NM_000251.1,379.8888888888889,0.14047421419200912,0.1055144834485061,1.331326369621705,0.18308164515384437,0.43017874212046076
Endogenous_JAK1_NM_002227.1,905.2962962962963,-0.13362572736516284,0.1004898140587972,-1.3297440005907228,0.18360263220003167,0.43017874212046076
Endogenous_MAPK8_NM_002750.2,271.77777777777777,-0.14957834818789592,0.11263778413222926,-1.3279589024256806,0.1841916841299882,0.43017874212046076
Endogenous_MAPK1_NM_138957.2,491.14814814814815,-0.17971285834750383,0.13555116405123963,-1.3257935452296867,0.18490809163970073,0.43017874212046076
Endogenous_IDH2_NM_002168.2,1725.6851851851852,0.2561288567704698,0.1936688207858189,1.3225095073704525,0.18599854558542764,0.4309349019119167
Endogenous_FZD2_NM_001466.2,54.72222222222222,-0.2444234147322806,0.18534724290680668,-1.3187324014049546,0.18725859046099683,0.43164998580116776
Endogenous_HSPA6_NM_002155.3,267.14814814814815,-0.2828037408659468,0.21478250258185,-1.3166982294480671,0.18793979735038072,0.43164998580116776
Housekeeping_AMMECR1L_NM_001199140.1,302.6111111111111,0.09558897088269099,0.07274898803563631,1.3139560214345034,0.18886100444726758,0.43164998580116776
Endogenous_SOX9_NM_000346.2,1057.8148148148148,0.38607888618517466,0.29417028805096496,1.3124333145374851,0.18937397245628496,0.43164998580116776
Endogenous_ZAK_NM_016653.2,44.925925925925924,-0.18263174671554622,0.1402674362366768,-1.3020252712638665,0.19290774685198034,0.4379316995067134
Endogenous_TBL1XR1_NM_024665.4,1920.9814814814815,-0.2557461959793656,0.19763330710720142,-1.2940440036286103,0.19565022173736343,0.44237379453066517
Endogenous_TSC1_NM_000368.3,310.1666666666667,0.0968398386518261,0.07512906318577582,1.2889797176408928,0.19740513788391353,0.44455637051457325
Endogenous_FZD3_NM_017412.2,119.61111111111111,-0.2335150686921192,0.18184770895830538,-1.2841243369508728,0.1990984538931597,0.4465833846288801
Endogenous_ASXL1_NM_001164603.1,211.74074074074073,-0.1325951457694196,0.1036609924682106,-1.2791228659139275,0.2008537926563659,0.44873287803783335
Endogenous_GLI3_NM_000168.5,335.74074074074076,-0.2832047382190197,0.2218038053770481,-1.2768254256846274,0.20166388696095122,0.4487619302727887
Endogenous_BNIP3_NM_004052.2,560.8518518518518,0.2937221271252703,0.23094081461254265,1.2718502254270558,0.2034263397458124,0.4508264281011191
Endogenous_PLAU_NM_002658.2,1133.7962962962963,-0.30385573008073435,0.23931387294146478,-1.2696954269552783,0.20419314239038253,0.4508264281011191
Endogenous_AKT2_NM_001626.2,1018.6666666666666,0.13088762586427946,0.10327189618715484,1.267407985102529,0.20500944606990185,0.45086061772404196
Endogenous_DDB2_NM_000107.1,140.07407407407408,-0.17310805474943824,0.13704714523575917,-1.2631277685620104,0.20654326599642853,0.45246637648244853
Housekeeping_USP39_NM_001256725.1,369.3333333333333,0.12422436530896767,0.0988084101287241,1.2572246142522945,0.20867231269736786,0.4553585738318531
Endogenous_JAK3_NM_000215.2,143,0.28778036438254007,0.22965018321120187,1.253124906579664,0.21016025309845926,0.45683483588584
Endogenous_DLL1_NM_005618.3,53.01851851851852,-0.2053239195411364,0.1644263023285237,-1.2487291670094196,0.21176414909735705,0.45855083054543083
Endogenous_POLR2D_NM_004805.3,316.14814814814815,0.09241994525264999,0.07424261605580361,1.2448368627417923,0.21319172294483715,0.4598733334020817
Endogenous_PIM1_NM_002648.2,368.9074074074074,0.2605385067053909,0.21097350908127108,1.234934697915208,0.21685480861323048,0.4659895314856823
Endogenous_BID_NM_197966.1,187.22222222222223,0.16503595523428066,0.13399768234785622,1.2316329084397855,0.21808624219113965,0.4661849138469793
Endogenous_NOS3_NM_000603.4,79.16666666666667,-0.2065490807431708,0.16789133973288747,-1.230254526956466,0.2186018068483171,0.4661849138469793
Endogenous_FGFR3_NM_022965.2,257.8703703703704,0.49840473318407796,0.4063776162449422,1.2264571503457682,0.2200266908137452,0.4674529318042965
Endogenous_LAMA5_NM_005560.3,539.1481481481482,0.26792743311662187,0.22133851995854625,1.2104871450608827,0.22609202052279923,0.4785331111065262
Endogenous_MAD2L2_NM_001127325.1,381.35185185185185,0.17142703809976986,0.14397936020310187,1.1906361985353278,0.23379643458637436,0.4927345547019268
Housekeeping_EIF2B4_NM_172195.3,571,0.10700071523785176,0.09001382765329123,1.1887142012223877,0.23455215037320848,0.4927345547019268
Endogenous_PLAT_NM_000931.2,1417.111111111111,-0.4572649069171291,0.38656982294136555,-1.1828779169513357,0.23685753474048463,0.49568800035389593
Endogenous_ITGA2_NM_002203.2,366.2037037037037,-0.29222396297496284,0.2474990282237826,-1.1807075165997865,0.23771893445035863,0.49568800035389593
Endogenous_TGFB2_NM_003238.2,148.6851851851852,0.3475969618661398,0.2966809589220528,1.1716187082888059,0.2413501735289516,0.49915361504283745
Endogenous_CDC14B_NM_003671.3,86.0925925925926,-0.18231226148801813,0.15579337996682294,-1.1702182822328044,0.24191313737610226,0.49915361504283745
Endogenous_CACNA1C_NM_199460.2,98.64814814814815,-0.22327848241111833,0.1908524300604719,-1.1699011762143778,0.24204074050922672,0.49915361504283745
Endogenous_NF2_NM_181828.2,458.77777777777777,0.13258420818302485,0.11371316100085947,1.1659530613349387,0.2436334238439781,0.5006044438837944
Endogenous_TNFRSF10D_NM_003840.3,74.25925925925925,-0.1708367904248882,0.14737959186686647,-1.1591617825839244,0.24639024619857294,0.5044280313083511
Endogenous_WNT2B_NM_024494.1,46.74074074074074,-0.18440023266583305,0.16002150269031862,-1.1523465882125439,0.24917867982645991,0.5079519421052421
Endogenous_BDNF_NM_170732.4,46.03703703703704,-0.1916642262595972,0.16715694993230884,-1.1466123684190979,0.25154186238034587,0.5079519421052421
Housekeeping_AGK_NM_018238.3,159.38888888888889,-0.1541884058028473,0.13466200846542375,-1.1450030157721671,0.2522079081170798,0.5079519421052421
Endogenous_NF1_NM_000267.2,563.6666666666666,-0.15061619933291578,0.13168068278695122,-1.1437987421177085,0.2527071116369244,0.5079519421052421
Endogenous_POLR2H_NM_001278698.1,355.8888888888889,0.12045700367034501,0.10537548232542839,1.1431217301415595,0.2529880532767209,0.5079519421052421
Endogenous_SFRP1_NM_003012.3,471.24074074074076,0.5694158412125508,0.49925899003117413,1.1405219587072355,0.2540689096898142,0.5079519421052421
Endogenous_SFN_NM_006142.3,251.0185185185185,0.32138248181715817,0.2837171943886311,1.1327564496388394,0.25731654473965454,0.5079519421052421
Endogenous_KITLG_NM_003994.4,522.425925925926,-0.27762713691504676,0.2456665157324696,-1.1300975881360333,0.2584351059267423,0.5079519421052421
Endogenous_CDKN1A_NM_000389.2,665.5555555555555,-0.2271312443417535,0.20105434520013196,-1.129700748897838,0.25860234156756773,0.5079519421052421
Endogenous_FANCL_NM_001114636.1,301.18518518518516,0.1454996533588583,0.12880413908597269,1.1296193926015212,0.25863663592856506,0.5079519421052421
Endogenous_APC_NM_000038.3,127.57407407407408,-0.12698009566455226,0.11245842608573703,-1.1291292265440749,0.25884332378411973,0.5079519421052421
Endogenous_HDAC2_NM_001527.1,1504.851851851852,0.1824678029068429,0.16163265645655878,1.1289043124517593,0.25893820139290313,0.5079519421052421
Endogenous_IL1R1_NM_000877.2,205.0185185185185,-0.24472746240529136,0.22031131235751258,-1.1108256756609811,0.26664339239985557,0.5201072327185109
Endogenous_FBXW7_NM_018315.4,166.83333333333334,0.19406040652762438,0.1748230524885408,1.1100390009512306,0.26698222070275246,0.5201072327185109
Endogenous_RRAS2_NM_001102669.2,164.7037037037037,0.21612303550177633,0.19518924703437124,1.1072486767865795,0.2681864272921855,0.5205352001742203
Endogenous_NOTCH1_NM_017617.3,373.31481481481484,0.16841347249991945,0.15251068600143045,1.10427326055264,0.2694746184219787,0.5205352001742203
Housekeeping_NOL7_NM_016167.3,485.2037037037037,-0.15946907539033392,0.14456202912747776,-1.1031186844348375,0.26997562779906276,0.5205352001742203
Endogenous_MCM7_NM_182776.1,942.4629629629629,0.13335442966790953,0.12118015065023102,1.1004643000718641,0.27112987598805854,0.5209765193900238
Endogenous_LAMB3_NM_000228.2,111.83333333333333,0.36038521981938115,0.32886846606317827,1.0958339184461312,0.2731514620601205,0.5230757589790742
Endogenous_KMT2C_NM_170606.2,1058.5925925925926,0.11859454598028218,0.1086168357787562,1.0918615436547037,0.2748939630771063,0.5246281397030876
Endogenous_ALKBH3_NM_139178.3,95.55555555555556,-0.14617790975353245,0.134252878322425,-1.0888251453534428,0.2762310007289366,0.5253988290891598
Endogenous_FANCE_NM_021922.2,67.35185185185185,0.13046573748777474,0.12011865641494524,1.0861404995830615,0.2774168367724524,0.5258777074171403
Endogenous_MAP3K14_NM_003954.1,214.44444444444446,0.14716702782179367,0.13628269291800543,1.079865863160899,0.2802019165772691,0.5293747618557132
Endogenous_ARID1B_NM_020732.3,667.5,-0.10214598548675834,0.09586198482739837,-1.0655525823993155,0.28662594387704887,0.5395292276213286
Endogenous_ENDOG_NM_004435.2,181.37037037037038,0.1653313774559019,0.1554397272789941,1.0636365641529566,0.28749337173427814,0.5395292276213286
Housekeeping_ZNF384_NM_133476.3,408.44444444444446,0.08519556941767542,0.08045682948875013,1.058897920276462,0.289646271536414,0.5402612558186877
Endogenous_ITGA3_NM_005501.2,308,0.24753676120462784,0.234610430164366,1.0550970007224563,0.29138096362576393,0.5402612558186877
Endogenous_MNAT1_NM_002431.2,235.94444444444446,-0.15593237434070914,0.14798447962619632,-1.053707623492605,0.2920167975654369,0.5402612558186877
Endogenous_IL3RA_NM_002183.2,60.18518518518518,-0.13770062095996297,0.1307960952290262,-1.0527884698610217,0.29243795057392136,0.5402612558186877
Endogenous_LIF_NM_002309.3,103.20370370370371,-0.27095525370966234,0.2574990383883274,-1.052257342029534,0.2926814973795733,0.5402612558186877
Endogenous_ARID1A_NM_006015.4,403.44444444444446,0.10182076116827793,0.09702866353473319,1.0493884740752852,0.29399936079691397,0.5409203925773286
Endogenous_EFNA1_NM_004428.2,706.4074074074074,-0.2261473248537813,0.21609024738705168,-1.046541098399114,0.29531128030570547,0.5415643348928735
Endogenous_MLH1_NM_000249.2,403.3703703703704,0.09639090762940215,0.09233546771442407,1.043920716658097,0.29652207250874435,0.5420192429299451
Endogenous_LFNG_NM_001040168.1,171.62962962962962,-0.3000247985126644,0.28906849261868633,-1.0379021103086135,0.2993156309695203,0.5453550169444658
Endogenous_FEN1_NM_004111.4,133,0.1533781659130184,0.14880636264515437,1.0307231706131141,0.3026706558138787,0.5490202262992944
Endogenous_CEBPA_NM_004364.2,316.2962962962963,0.21059493850278976,0.2048490758461438,1.0280492486134598,0.3039266619948537,0.5490202262992944
Endogenous_SPRY2_NM_005842.2,149.12962962962962,-0.21972534933065024,0.21387455601605218,-1.0273561915151745,0.3042527719456125,0.5490202262992944
Endogenous_BCL2L1_NM_138578.1,604,0.1217772299102869,0.11912744304650644,1.0222432950461802,0.30666576404498763,0.550522185867381
Endogenous_AKT1_NM_005163.2,2609.5,0.17819415730154806,0.17455127230814435,1.0208699996581676,0.30731603438368343,0.550522185867381
Endogenous_NOTCH2_NM_024408.3,1008.074074074074,-0.12549702411043331,0.12314195426360422,-1.0191248373546817,0.3081437040545093,0.550522185867381
Endogenous_DTX4_NM_015177.1,125.14814814814815,0.2587940643080208,0.25461224180981856,1.0164242790074716,0.30942738883813165,0.550522185867381
Endogenous_CDK2_NM_001798.2,147.62962962962962,0.10715890414860597,0.10554657950081459,1.0152759535687175,0.3099743035878504,0.550522185867381
Endogenous_DKK2_NM_014421.2,47.833333333333336,-0.19213008608810075,0.19035816495948849,-1.009308353697302,0.31282677504624684,0.5523220882852742
Endogenous_MAP2K4_NM_003010.2,269.51851851851853,-0.13395290950534175,0.13275127793458785,-1.0090517514365924,0.31294981556483564,0.5523220882852742
Endogenous_VEGFC_NM_005429.2,124.48148148148148,-0.16309718497477452,0.16248737357740384,-1.0037529771325904,0.31549769478146655,0.5550787567561427
Endogenous_ARID2_NM_152641.2,440.25925925925924,-0.08902480377479059,0.09039879110981747,-0.9848008218012811,0.32472191689711427,0.5684440283518882
Endogenous_PGF_NM_002632.5,92.07407407407408,-0.16860869062743639,0.17134963066290188,-0.984003817079374,0.3251136361088952,0.5684440283518882
Endogenous_H3F3C_NM_001013699.2,4795.388888888889,0.15748489577307065,0.16096963903582337,0.9783515494994854,0.32790048236086095,0.5715417076444728
Housekeeping_PIAS1_NM_016166.1,293.94444444444446,-0.10307687259723888,0.10590981949882097,-0.9732513291497619,0.33042840561038084,0.5741703467859395
Endogenous_DTX3_NM_178502.2,150.24074074074073,-0.1946015305267289,0.20167596156637158,-0.9649217934319134,0.3345839847742572,0.577956487147546
Endogenous_ID4_NM_001546.2,195.33333333333334,-0.292633182785336,0.3033193611189816,-0.9647692178493882,0.3346604170694494,0.577956487147546
Endogenous_ATM_NM_138292.3,189.27777777777777,0.1790338573153409,0.18700823669326666,0.9573581382353472,0.33838652001802144,0.5804996603176265
Housekeeping_TMUB2_NM_024107.2,456.9074074074074,-0.11065162654161297,0.1157570221494555,-0.9558955861766132,0.33912498917540584,0.5804996603176265
Endogenous_SOCS3_NM_003955.3,411.98148148148147,-0.18432995139904662,0.19300560712764225,-0.9550497218308374,0.3395525530311788,0.5804996603176265
Endogenous_ITGB4_NM_001005731.1,386,0.2607259455519295,0.27339596547852035,0.9536568877144375,0.3402573497421256,0.5804996603176265
Housekeeping_FTSJ2_NM_013393.1,351.25925925925924,0.076869370888834,0.08189016831440195,0.9386886420077739,0.3478906265988945,0.5903080352462234
Endogenous_CDKN2A_NM_000077.3,60.96296296296296,0.2586399548639543,0.27565496755431246,0.938274238838066,0.3481034950297446,0.5903080352462234
Endogenous_EIF4EBP1_NM_004095.3,537,0.211906835408333,0.22810853153979552,0.9289737388509908,0.35290269614271463,0.5954579551815343
Endogenous_SOS2_NM_006939.2,408.5,-0.12321930552182266,0.13273753988664094,-0.9282928222645459,0.3532556963243916,0.5954579551815343
Housekeeping_ACAD9_NM_014049.4,323.81481481481484,-0.1136687207420079,0.12339270285398243,-0.9211948365902847,0.3569487135645547,0.598385110393468
Endogenous_MAML2_NM_032427.1,165.59259259259258,0.16529272557409797,0.17949612743645957,0.9208707058742005,0.35711793444441425,0.598385110393468
Endogenous_IGFBP3_NM_000598.4,1109.2222222222222,0.1760142998648619,0.19209666124326608,0.916279849559499,0.3595201340197611,0.6006226571309362
Endogenous_HDAC5_NM_005474.4,396.1111111111111,-0.12292000897420664,0.1352213333744627,-0.9090282273271886,0.36333522603730817,0.6052003912988299
Endogenous_ARNT2_NM_014862.3,189.64814814814815,0.25771583013148064,0.2882817875676996,0.893971944276775,0.37133690234636435,0.6167040590590063
Endogenous_PIK3R1_NM_181504.2,517.9444444444445,-0.1518783023516229,0.17111131324162082,-0.8875994197833103,0.37475626588236444,0.6205522873287387
Endogenous_KMT2D_NM_003482.3,330.037037037037,-0.07941838642601211,0.09031085838882479,-0.8793891215614829,0.3791903284185595,0.6260532401749238
Endogenous_ANGPT1_NM_001146.3,74.72222222222223,0.22649379894350632,0.2599407510478796,0.8713285547974255,0.3835747834544041,0.6302745903035685
Endogenous_EFNA5_NM_001962.2,95.27777777777777,-0.265050799349312,0.30483746330734884,-0.8694823676644942,0.384583348206328,0.6302745903035685
Endogenous_LTBP1_NM_000627.3,344.74074074074076,0.17265728880092954,0.19884564388298767,0.8682980699468132,0.3852311784947371,0.6302745903035685
Endogenous_PPP3CA_NM_000944.4,315.74074074074076,-0.18117353716335327,0.20909059415643533,-0.8664834393641095,0.3862251041824709,0.6302745903035685
Endogenous_BAP1_NM_004656.2,568.7962962962963,0.09231486932478179,0.10743992145316265,0.8592231646876765,0.390217405508855,0.634804605461587
Endogenous_NRAS_NM_002524.3,293.5925925925926,0.11930795326662996,0.13940143701282354,0.8558588478227439,0.3920758598900724,0.634804605461587
Endogenous_GRB2_NM_002086.4,1360.5185185185185,0.13465210217380483,0.15743212577913765,0.8553025725048582,0.3923836637666648,0.634804605461587
Endogenous_IL6R_NM_000565.2,154.53703703703704,0.14584200365143613,0.17145353144821884,0.8506211707600918,0.39497982525765074,0.6371737582236601
Housekeeping_ERCC3_NM_000122.1,264.64814814814815,0.06301241327735892,0.07463951491634382,0.844223242179205,0.39854466909076747,0.6410875677088631
Endogenous_PLCB1_NM_182734.1,165.03703703703704,0.22762360185156394,0.27043752517395375,0.8416864549590498,0.39996348199327447,0.6415368671288134
Housekeeping_TLK2_NM_006852.2,443.9074074074074,0.13432956397108523,0.16028156549746667,0.838084926074723,0.40198300822866645,0.6429444137293727
Endogenous_MGMT_NM_002412.3,396.8703703703704,-0.12001987433656602,0.1445289979606061,-0.8304207185417527,0.40630095556942175,0.6480097393359333
Endogenous_FASLG_NM_000639.1,43.648148148148145,0.11724217090042477,0.1416476674543009,0.8277027995413341,0.40783883329405385,0.6486250371315038
Endogenous_DUSP6_NM_001946.2,714.4629629629629,-0.22155566799057175,0.270295793459666,-0.8196785645635017,0.41239937289234685,0.6540305547560318
Endogenous_HDAC1_NM_004964.2,876.6851851851852,0.07899519398807736,0.09940913282587269,0.7946472496289365,0.426818725110148,0.673144132288673
Endogenous_RAC1_NM_198829.1,1142,-0.07811726972557916,0.09830943850590791,-0.7946060003270662,0.4268427268686612,0.673144132288673
Endogenous_MFNG_NM_002405.2,64.68518518518519,-0.12890245038329012,0.16311059186616964,-0.7902763941231548,0.42936636969357433,0.6752325869762077
Endogenous_TLR2_NM_003264.3,235.83333333333334,0.1727915322079552,0.22084938709966853,0.7823953440720893,0.43398226920931704,0.6805905781750571
Endogenous_RELA_NM_021975.3,229.8148148148148,0.06316218803400508,0.08113490648275007,0.7784835254285265,0.43628401513834786,0.682299723674694
Endogenous_PIK3R3_NM_003629.3,905.7407407407408,0.13415415734331598,0.1759898699138425,0.7622834053402756,0.44589087599024213,0.6953724855949075
Endogenous_BRCA1_NM_007305.2,153.57407407407408,-0.12697962507456798,0.16745850590066205,-0.7582751583242566,0.44828627558968526,0.6953724855949075
Endogenous_HDAC11_NM_024827.3,207.96296296296296,-0.1441647590845188,0.19069272608405585,-0.7560055490578709,0.44964586871918516,0.6953724855949075
Endogenous_FGF2_NM_002006.4,129.1851851851852,-0.2256977909655668,0.2998010207716404,-0.7528252918707762,0.45155490628426487,0.6953724855949075
Endogenous_RAF1_NM_002880.2,441,0.06766426564259663,0.09023852507768486,0.7498378944507967,0.45335234278621384,0.6953724855949075
Endogenous_IL8_NM_000584.2,424.85185185185185,-0.38965583487001587,0.5199292813140698,-0.7494400659358891,0.45359200976935327,0.6953724855949075
Endogenous_TP53_NM_000546.2,558.3148148148148,0.1312543218358436,0.17545732264226666,0.7480697861978272,0.45441806515959043,0.6953724855949075
Endogenous_FUBP1_NM_003902.3,214.57407407407408,0.0800427238004203,0.10714239132614703,0.7470686701099107,0.4550221106425587,0.6953724855949075
Endogenous_GADD45A_NM_001924.2,329.6111111111111,0.1357067957337654,0.18238533432414777,0.7440663814151742,0.45683631664697705,0.6953724855949075
Endogenous_CHUK_NM_001278.3,415.037037037037,0.06773733390175314,0.0911701835107189,0.7429768296319076,0.45749570859463146,0.6953724855949075
Housekeeping_TRIM39_NM_021253.3,176.22222222222223,0.07222193010028666,0.0978360138635258,0.738193710559703,0.46039674427689814,0.6953724855949075
Endogenous_RBX1_NM_014248.2,1101.0740740740741,0.07123130929474117,0.09652938286053216,0.737923595737246,0.46056087947964564,0.6953724855949075
Endogenous_STAG2_NM_001042749.1,451,-0.08567971824424583,0.11638685921536353,-0.736163161561935,0.4616314081238943,0.6953724855949075
Endogenous_XRCC4_NM_003401.3,130.87037037037038,-0.07883382260047136,0.1071600037065356,-0.7356646124832428,0.461934830572816,0.6953724855949075
Endogenous_PRKACB_NM_182948.2,276.94444444444446,-0.18373140719042977,0.2533601023768342,-0.7251789270165259,0.46834226898626313,0.7031378598380431
Endogenous_PLA2G4C_NM_003706.2,132.27777777777777,0.18484621005353588,0.25603048214137186,0.7219695424838894,0.4703132034762189,0.7042189722263598
Endogenous_RFC4_NM_181573.2,266.0925925925926,0.15205657580059806,0.21263873612120585,0.7150934894285891,0.47455127666026703,0.7086800232353591
Endogenous_CACNB3_NM_000725.2,144.2037037037037,-0.11107091312641379,0.15768192067070255,-0.7043985299898168,0.48118462120386835,0.7153255450374735
Endogenous_STK11_NM_000455.4,383.27777777777777,-0.07453192221273262,0.10589568954165479,-0.7038239472761069,0.48154241841776635,0.7153255450374735
Endogenous_CDKN1B_NM_004064.2,202.1851851851852,-0.12257329597212874,0.17474590271488896,-0.7014373102190342,0.48303014461602944,0.7156472932074331
Endogenous_TNC_NM_002160.3,79.27777777777777,-0.19008393660945339,0.2720745320638729,-0.6986465626441979,0.48477293697934515,0.7157814393934563
Endogenous_KAT2B_NM_003884.3,121.01851851851852,-0.10390790974301849,0.14903116039012448,-0.6972227114854024,0.4856634277944943,0.7157814393934563
Endogenous_LAMC2_NM_005562.2,110.4074074074074,-0.21488355449681282,0.30942005989948856,-0.6944719568815777,0.48738628142561324,0.7164451082052747
Endogenous_LAT_NM_001014987.1,185.03703703703704,0.1362266812000131,0.1982773291145509,0.6870512216820853,0.4920504509548012,0.7200057805039581
Endogenous_SPRY4_NM_030964.3,212.07407407407408,-0.14687815768659754,0.2139365541827165,-0.6865500767164526,0.4923662975027067,0.7200057805039581
Endogenous_STMN1_NM_203401.1,850.8703703703703,0.15150815166571804,0.22214370241102807,0.6820276695730295,0.49522145489203895,0.7223048681456423
Endogenous_PIK3CA_NM_006218.2,358.5,-0.09359097671241083,0.1382072539265093,-0.6771784696784234,0.49829272648385226,0.7249064728951132
Endogenous_TRAF7_NM_032271.2,862.6111111111111,-0.08066746662969249,0.11987953157824259,-0.6729044196927204,0.5010081002449869,0.7269782485513598
Endogenous_POLB_NM_002690.1,293.9074074074074,-0.115192998515965,0.17211860023434603,-0.6692652529077354,0.5033262878265312,0.7284645245407123
Endogenous_PTCH1_NM_000264.3,89.51851851851852,0.1636601065764922,0.24632229248755239,0.6644145153235067,0.5064250451260539,0.7310700010409444
Endogenous_FLNA_NM_001456.3,2957.722222222222,-0.11827759723286725,0.1793415941241921,-0.6595101254144162,0.5095682462013548,0.7334511790070769
Endogenous_SMAD2_NM_001003652.1,753.6111111111111,0.10329711194335575,0.15718519509339837,0.6571682013816715,0.5110727695235266,0.7334511790070769
Housekeeping_ZNF143_NM_003442.5,169.94444444444446,-0.0410588153854779,0.06264085990307618,-0.655463789114772,0.5121691930854259,0.7334511790070769
Endogenous_MAPK8IP2_NM_012324.2,220.83333333333334,-0.22424236407155484,0.34361648540450723,-0.6525948945888772,0.5140174778117956,0.7334511790070769
Endogenous_MAP3K8_NM_005204.2,186.09259259259258,0.107414184633483,0.16488357777597876,0.6514547178217026,0.514752998766868,0.7334511790070769
Endogenous_IRAK2_NM_001570.3,67.33333333333333,-0.09734402253425582,0.14983098429800312,-0.6496922047888675,0.5158910601897024,0.7334511790070769
Endogenous_NR4A1_NM_173157.1,526.5925925925926,-0.16160356584911112,0.25009406406712115,-0.6461711374554631,0.5181685292970717,0.7337125354784986
Endogenous_FGFR2_NM_000141.4,137.11111111111111,0.20806128963299458,0.3235931043025179,0.6429719510910346,0.520242300271246,0.7337125354784986
Endogenous_NKD1_NM_033119.3,63.092592592592595,0.13916018025368856,0.21678889955055408,0.6419156171842512,0.5209279735375335,0.7337125354784986
Endogenous_CD14_NM_000591.2,442.77777777777777,-0.11871401175409052,0.18538914381061003,-0.6403503965440741,0.5219448235432489,0.7337125354784986
Endogenous_RAD21_NM_006265.2,2316.5925925925926,0.12717930868459437,0.198917650550555,0.6393565796327949,0.5225909888576873,0.7337125354784986
Endogenous_HDAC10_NM_032019.5,206.14814814814815,0.07951277889828083,0.12502669203600397,0.6359664292756263,0.524798303184111,0.7349787181409316
Endogenous_MDC1_NM_014641.2,265.01851851851853,0.05902301872018481,0.09348690707029715,0.6313506411737706,0.527811281819903,0.7373641480511299
Housekeeping_CNOT10_NM_001256741.1,278.5,-0.06832103615712676,0.10900060116168163,-0.6267950399262984,0.5307935952695559,0.7396950349919801
Endogenous_PBX1_NM_002585.2,1958.5185185185185,-0.1446149969450442,0.2327227538613274,-0.6214046308132638,0.5343334259309958,0.7399410741031156
Endogenous_PRKAR2A_NM_004157.2,563.5925925925926,-0.051250054515081155,0.08258694237591237,-0.6205588079748179,0.5348899494365335,0.7399410741031156
Endogenous_POLE2_NM_002692.2,103.11111111111111,0.07964014399540319,0.1283434178380857,0.6205237895088228,0.5349129967317372,0.7399410741031156
Endogenous_CD40_NM_001250.4,118.44444444444444,0.0925571515565407,0.14992722187867558,0.6173472061760739,0.5370057363050411,0.7405818436565453
Endogenous_WNT7B_NM_058238.1,74.27777777777777,0.18473608191927235,0.301491400893165,0.6127407991471522,0.5400477408924191,0.7405818436565453
Endogenous_DUSP4_NM_057158.2,646.8703703703703,-0.24290157604659682,0.39681056867339604,-0.6121348452453202,0.5404485448838408,0.7405818436565453
Endogenous_EGFR_NM_201282.1,201.11111111111111,-0.15820360082442853,0.2585665612937106,-0.6118486475315039,0.5406379000760926,0.7405818436565453
Endogenous_PML_NM_002675.3,608.4814814814815,0.08867559463873967,0.14854147028437062,0.596975339405066,0.5505238452981351,0.7522935070457526
Endogenous_BMPR1B_NM_001203.1,1191.1666666666667,0.3623943408272754,0.6110862469779258,0.5930330499491115,0.5531590341973841,0.7540642524288795
Endogenous_GNG7_NM_052847.1,47,-0.13824006360950036,0.23508733996113884,-0.5880370403287227,0.5565074310108491,0.7567963373408407
Endogenous_KDM6A_NM_021140.2,442.14814814814815,0.07426242550190947,0.129748610097814,0.5723562313763902,0.5670806615678693,0.7693166565366515
Endogenous_FOXO4_NM_005938.2,154.74074074074073,-0.0787410570696259,0.14081119319671861,-0.5591960076612776,0.5760279575137295,0.7771489339497265
Endogenous_CSF3R_NM_156038.2,194.37037037037038,-0.12997085950672582,0.23268295429602293,-0.5585749067865747,0.5764518694206848,0.7771489339497265
Endogenous_PIK3CG_NM_002649.2,112.20370370370371,0.10592020118880803,0.19022995058938372,0.5568008657976237,0.5776634922675337,0.7771489339497265
Endogenous_TMPRSS2_NM_005656.2,201.33333333333334,0.19123005319774422,0.3440879794646881,0.5557591796587859,0.5783754943604537,0.7771489339497265
Endogenous_STAT4_NM_003151.2,77.24074074074075,0.09640415267188047,0.17542115910551342,0.5495582925312601,0.5826223720946861,0.7802271363023955
Endogenous_MLLT3_NM_004529.2,65.27777777777777,-0.08980518796821632,0.16376758672861788,-0.5483697339757108,0.5834380539668002,0.7802271363023955
Endogenous_SHC1_NM_183001.4,1403.5,0.08169442888164455,0.15060203784288037,0.5424523469388539,0.5875069267083286,0.7832299133307213
Endogenous_NASP_NM_172164.1,91.42592592592592,0.08356497705858548,0.15444661295414885,0.5410605999070612,0.588465814101057,0.7832299133307213
Endogenous_FUT8_NM_004480.4,361.72222222222223,-0.09461839803365721,0.1774208493247776,-0.5332992057796633,0.593826477368281,0.788500723486656
Endogenous_ID2_NM_002166.4,590.8148148148148,0.06879931866392847,0.1296941568107305,0.5304735414127479,0.5957836489543017,0.7892381043794632
Endogenous_WHSC1L1_NM_017778.2,808.4444444444445,0.10968788698986913,0.2077374976839543,0.5280119776774487,0.5974910226323595,0.7896418914131889
Endogenous_TNFRSF10B_NM_003842.3,151.75925925925927,-0.06898842183821315,0.1321131146479468,-0.5221920777664847,0.6015366013882391,0.7925825473691985
Endogenous_INHBA_NM_002192.2,345.25925925925924,-0.12620231845167657,0.24234103628384274,-0.5207633027691674,0.6025316701137069,0.7925825473691985
Endogenous_POLR2J_NM_006234.4,70.51851851851852,-0.06362979488757226,0.12399544255609479,-0.5131623677119143,0.6078377476603307,0.7976984893537674
Endogenous_RNF43_NM_017763.4,111.94444444444444,-0.14538369694358871,0.2844659216289948,-0.5110759704046397,0.6092978613378877,0.7977551068214669
Endogenous_RASGRP2_NM_001098670.1,74.81481481481481,-0.09800034939850459,0.19500609174476777,-0.5025501948255626,0.6152805533881924,0.8037191451451331
Endogenous_WNT5B_NM_032642.2,115.81481481481481,0.12965903396678585,0.2608233316987819,0.4971143997061034,0.619108380724382,0.8050398274284543
Housekeeping_C10orf76_NM_024541.2,310.25925925925924,0.04569173956659423,0.09192521741137843,0.4970533750506914,0.6191514125693085,0.8050398274284543
Endogenous_BCL2A1_NM_004049.2,47.74074074074074,0.09560458716947921,0.19398302566096634,0.4928502730778725,0.622118385610836,0.8070337582923979
Endogenous_JAK2_NM_004972.2,490.81481481481484,0.06596286166463804,0.13607566463671877,0.4847513465448734,0.6278527388942108,0.8126002114883694
Endogenous_SMAD9_NM_005905.2,70.62962962962963,0.12843706905879596,0.2671313977120612,0.4808010969838793,0.630657870526133,0.8131226879657789
Housekeeping_SAP130_NM_024545.3,297.4074074074074,0.040928170116860896,0.08524643285786496,0.4801159267872498,0.6311449638384465,0.8131226879657789
Housekeeping_FCF1_NM_015962.4,1062.8148148148148,-0.029112044431578422,0.061183518268759514,-0.47581514197497726,0.6342060813441066,0.8152009675724475
Endogenous_CASP3_NM_032991.2,333.75925925925924,0.06056028784753864,0.12793927306659536,0.47335182071900317,0.6359621968212343,0.8155961658550226
Endogenous_ALKBH2_NM_001001655.2,56.05555555555556,0.05970926457323734,0.12715691809020885,0.4695714985076772,0.6386611915556799,0.8170350731465051
Endogenous_RPS6KA5_NM_004755.2,242,0.08767452033444202,0.18781726759977027,0.4668075595757909,0.6406375668208606,0.8170350731465051
Endogenous_PRKAR1B_NM_001164759.1,74.53703703703704,0.0739798300515521,0.1589513333353769,0.46542440695014187,0.6416275591690499,0.8170350731465051
Endogenous_MAP2K1_NM_002755.2,316.0740740740741,-0.05154722520651063,0.11117385042711196,-0.46366321764043006,0.6428890540033779,0.8170350731465051
Endogenous_MLF1_NM_022443.3,231.9814814814815,-0.08782731827119604,0.1911273694335181,-0.45952245631542565,0.6458590297226315,0.8189528709047051
Endogenous_MYC_NM_002467.3,777.2407407407408,0.127378887785119,0.2784200967928034,0.45750608254372066,0.6473073313545182,0.8189528709047051
Housekeeping_SLC4A1AP_NM_018158.2,309.85185185185185,0.0314784384299013,0.07032421338517825,0.44761877758217195,0.6544283489713468,0.8254431208432369
Endogenous_MLLT4_NM_005936.2,844.3148148148148,-0.08244797310734331,0.18609232696354805,-0.44304875140549616,0.6577304726538854,0.8254431208432369
Housekeeping_HDAC3_NM_003883.2,332.94444444444446,-0.03871270553424519,0.08748470646228941,-0.4425082634406785,0.6581214519487707,0.8254431208432369
Endogenous_CHEK1_NM_001114121.1,99.16666666666667,0.09997452791281217,0.22841909343733657,0.4376802587224991,0.661618082011341,0.8254431208432369
Endogenous_FAS_NM_152876.1,182.22222222222223,-0.08137542830642819,0.1867160245851071,-0.4358245548942502,0.6629640268452148,0.8254431208432369
Endogenous_DUSP10_NM_144728.2,274.8703703703704,0.09338872574541102,0.2153178562116473,0.43372494686931257,0.6644881886593901,0.8254431208432369
Endogenous_AXIN1_NM_181050.1,274.8333333333333,-0.04190356589779948,0.0968557645270888,-0.432638842947544,0.6652771659346988,0.8254431208432369
Endogenous_DAXX_NM_001350.3,431.94444444444446,-0.04125207440635742,0.095800686358329,-0.43060311960667835,0.666756972495252,0.8254431208432369
Endogenous_CCND3_NM_001760.2,261.01851851851853,0.05243062931652597,0.12185705053306263,0.4302634036124182,0.6670040450913153,0.8254431208432369
Endogenous_PBX3_NM_006195.5,336.14814814814815,0.06790288105605002,0.15823898602121964,0.4291160020890448,0.6678388074651376,0.8254431208432369
Endogenous_FGF11_NM_004112.2,73.37037037037037,-0.11619281133382955,0.27268496378955787,-0.42610641129263105,0.6700303086650399,0.8254431208432369
Endogenous_KDM5C_NM_004187.2,335.81481481481484,-0.05179248378808027,0.1230275929877262,-0.42098266356594755,0.6737677412880982,0.8254431208432369
Endogenous_NFKBIZ_NM_001005474.1,749.3333333333334,0.12039760893270052,0.28759403767502495,0.41863736086471726,0.6754811807174563,0.8254431208432369
Endogenous_SOCS2_NM_003877.3,181.0185185185185,-0.10651566479203718,0.25470142935128526,-0.4181981430702155,0.6758022533407182,0.8254431208432369
Endogenous_GPC4_NM_001448.2,231.09259259259258,-0.10707888998999954,0.25632966259348977,-0.41773897295614476,0.6761379743691763,0.8254431208432369
Housekeeping_DHX16_NM_001164239.1,176.35185185185185,0.0358142739218187,0.08597417423158463,0.4165701414630335,0.676992852945568,0.8254431208432369
Endogenous_JAG2_NM_145159.1,387.1296296296296,0.06724057760127311,0.1617155436542186,0.4157953903617788,0.6775597322405613,0.8254431208432369
Endogenous_CREBBP_NM_004380.2,52.48148148148148,-0.06282487026041593,0.15172782166895254,-0.414062955424816,0.6788280016881327,0.8254431208432369
Endogenous_TET2_NM_001127208.2,430.0740740740741,-0.053429406642055276,0.13007140769950323,-0.41076980396406776,0.6812413367508416,0.826592397824836
Endogenous_INHBB_NM_002193.2,219.85185185185185,-0.1446125432706358,0.35810606379398907,-0.40382601103852955,0.6863406676515224,0.8309888083608754
Endogenous_PDGFB_NM_033016.2,67.12962962962963,-0.08171597952072947,0.20389397236306994,-0.4007768281409489,0.6885844405055689,0.8319163948597325
Endogenous_MDM2_NM_006878.2,1289,0.06455810162599453,0.163364807791502,0.3951775324119271,0.6927118726510926,0.835110887157527
Endogenous_RB1_NM_000321.1,346.0925925925926,-0.061491086122003144,0.1600068392758541,-0.38430286105453043,0.7007539877003571,0.8415324919620986
Endogenous_CASP9_NM_001229.2,68.77777777777777,0.054046924897770174,0.1407716869483817,0.3839332046762226,0.7010279551158513,0.8415324919620986
Endogenous_ERBB2_NM_004448.2,7227.648148148148,0.1930474250649488,0.5065408647511623,0.3811092815972175,0.7031221605085329,0.8422505880134128
Endogenous_IL1B_NM_000576.2,67.33333333333333,0.10709940151790527,0.28779184064906965,0.3721418969917954,0.7097872035873164,0.8480350102388807
Endogenous_GATA3_NM_001002295.1,224.44444444444446,-0.13501023020888286,0.36433890448125433,-0.3705622115791077,0.7109636320297543,0.8480350102388807
Endogenous_NCOR1_NM_006311.3,936.6296296296297,-0.03125485613427811,0.08540302014614976,-0.3659689795605803,0.7143882229759382,0.8503183288275966
Endogenous_DDIT3_NM_004083.4,293.14814814814815,-0.051730744119315525,0.14413257119246717,-0.35891085332986233,0.7196617800825957,0.854686696560974
Endogenous_MAP2K2_NM_030662.2,568.6851851851852,-0.043090277670290916,0.12070225655256084,-0.3569964547558138,0.7210944597983351,0.854686696560974
Endogenous_SETD2_NM_014159.6,244.12962962962962,0.03084271112362299,0.08757804474568855,0.3521740090588329,0.7247077676754299,0.8571648596665273
Endogenous_WNT6_NM_006522.3,78.31481481481481,0.07334820105935513,0.21245501262197944,0.3452410943575305,0.7299131269597299,0.8612330931266554
Endogenous_PIK3R5_NM_001142633.1,161.6851851851852,-0.04590241699564644,0.13384247789341203,-0.34295851151382367,0.731629672297991,0.8612330931266554
Endogenous_HRAS_NM_005343.2,118.72222222222223,0.044436035135479855,0.1301448337085912,0.3414352600040743,0.7327759345221019,0.8612330931266554
Endogenous_MAPK9_NM_139068.2,388.3888888888889,-0.055853740473457945,0.16453896114276018,-0.33945601750212306,0.7342662250458164,0.8612330931266554
Endogenous_ITGB6_NM_001282353.1,650.4629629629629,0.10353037901526885,0.31213510338888495,0.3316845106212925,0.7401274979227438,0.866303079689199
Housekeeping_TTC31_NR_027749.1,282.3888888888889,0.03015631564018188,0.09231510744934679,0.3266671780318148,0.7439196275934592,0.8689351666703684
Endogenous_ERCC2_NM_000400.2,146.53703703703704,0.03472260134440313,0.10722316284752773,0.32383489184868547,0.7460630385278278,0.8696345562964122
Endogenous_PBRM1_NM_181042.3,558.2962962962963,0.03598228815325906,0.11359782980407786,0.3167515454768608,0.751432133421859,0.8740832461084848
Endogenous_PRLR_NM_001204318.1,604.5185185185185,-0.07420944711103676,0.2374152748325181,-0.3125723362297854,0.7546055981857136,0.8759648490279521
Endogenous_FGF13_NM_033642.1,119.72222222222223,0.07582621922337265,0.24422837783505885,0.3104725990301682,0.7562015934813369,0.876011310967063
Housekeeping_MTMR14_NM_022485.3,366.0925925925926,-0.02544171144786291,0.08317002127985633,-0.30590002330593197,0.7596807682132457,0.8782346457988858
Endogenous_CBL_NM_005188.2,206.3148148148148,-0.042059467464416425,0.13844827857221353,-0.30379191347242746,0.7612864278803326,0.8782874157717773
Endogenous_MECOM_NM_005241.2,86.98148148148148,-0.05363405237594219,0.17920078123770122,-0.2992958624705949,0.7647143112586754,0.8797491780923786
Endogenous_TIAM1_NM_003253.2,230.66666666666666,-0.05669868062769241,0.19024355029238155,-0.29803207804182236,0.7656786807553562,0.8797491780923786
Endogenous_WEE1_NM_003390.3,587.425925925926,-0.04059833988590403,0.13861992813340923,-0.292875205120809,0.7696175417016669,0.8824738818289989
Endogenous_COL2A1_NM_001844.4,169.42592592592592,-0.13700225644393985,0.4729316820661649,-0.2896872035415312,0.7720555468581988,0.883470066831638
Endogenous_NTHL1_NM_002528.5,162.40740740740742,-0.03867652355573882,0.13937717552286008,-0.2774953891169595,0.7813997458136859,0.8923489997831747
Endogenous_DDIT4_NM_019058.2,511.8333333333333,0.07462472588323164,0.28074218641202503,0.2658122985966574,0.7903837709568082,0.899080520809122
Endogenous_SPP1_NM_000582.2,2359,0.09470949193999591,0.3564839844351325,0.265676709404121,0.7904882021323542,0.899080520809122
Housekeeping_ZC3H14_NM_001160103.1,536.8888888888889,-0.031687808567947943,0.12245584918554545,-0.258769252581267,0.7958132828896428,0.9033122545703002
Endogenous_DUSP2_NM_004418.3,64.44444444444444,-0.05991079488996213,0.23417068673736985,-0.2558424187274732,0.7980725182283179,0.903593098012027
Endogenous_DUSP5_NM_004419.3,793.5555555555555,0.06659380033275751,0.2618801205811998,0.25429116263183144,0.7992706266607272,0.903593098012027
Endogenous_RET_NM_020630.4,183.03703703703704,-0.09653221424225865,0.38579069958549644,-0.2502191326695417,0.802417890043967,0.9053332106107282
Endogenous_TNFRSF10A_NM_003844.2,80.11111111111111,-0.02944528690219219,0.12098650969639749,-0.24337661261641436,0.8077136596430012,0.9077678248479272
Endogenous_PLCE1_NM_001165979.1,71.37037037037037,-0.06532294582913255,0.2685264142375625,-0.24326450719794745,0.8078004977776404,0.9077678248479272
Endogenous_CDKN2C_NM_001262.2,92.25925925925925,0.03314980542313249,0.14370783382151536,0.2306750059589962,0.8175672922491372,0.9169131185981358
Endogenous_ITGA6_NM_000210.1,609.1666666666666,-0.06729685582614453,0.3039814626164748,-0.22138473592072672,0.8247928765558418,0.9231777127255246
Endogenous_TFDP1_NM_007111.4,939.2962962962963,0.04042166320046527,0.18835079498147533,0.21460840239320902,0.8300726424100786,0.9255164835301585
Endogenous_PLD1_NM_002662.3,118.75925925925925,-0.037301218289509,0.17544498151095317,-0.2126092064205339,0.8316317899354905,0.9255164835301585
Endogenous_WNT3_NM_030753.3,110.20370370370371,-0.060362966670769944,0.28816391630086735,-0.20947441111171577,0.8340779092446372,0.9255164835301585
Endogenous_MET_NM_000245.2,150.96296296296296,-0.06256233962894481,0.3001672422049036,-0.20842494060773556,0.8348971841226905,0.9255164835301585
Housekeeping_DNAJC14_NM_032364.5,127.51851851851852,0.030008109903475782,0.14415697595904203,0.20816273165997673,0.8351019069863597,0.9255164835301585
Endogenous_GTF2H3_NM_001516.3,267.8703703703704,0.01955234815505969,0.09815512336108949,0.1991984471674619,0.8421075140633075,0.9301276707712853
Endogenous_LAMA1_NM_005559.2,322.3703703703704,-0.01577992573892573,0.07974678179414264,-0.19787539238460852,0.8431425575224699,0.9301276707712853
Endogenous_NUPR1_NM_001042483.1,557.5370370370371,0.04353985438260937,0.2235092403700491,0.19480113802240742,0.8455486313445321,0.9301276707712853
Endogenous_SMC3_NM_005445.3,470.05555555555554,-0.015884248873773547,0.0826168455905996,-0.19226404445997033,0.8475353813018663,0.9301276707712853
Endogenous_CYLD_NM_015247.1,531.2222222222222,0.024423636932426142,0.12704852760418753,0.19223864607480218,0.8475552752178078,0.9301276707712853
Endogenous_KLF4_NM_004235.4,274.74074074074076,0.030957877712579074,0.165478507605203,0.18708095788752263,0.8515971579731076,0.9301276707712853
Endogenous_NOTCH3_NM_000435.2,969,-0.028910266439094556,0.15574625232679137,-0.18562415472080948,0.8527395100332394,0.9301276707712853
Endogenous_TNFSF10_NM_003810.2,2058.759259259259,0.05005883534656416,0.27232460466081876,0.1838204645845814,0.8541543012817134,0.9301276707712853
Endogenous_LEFTY1_NM_020997.2,41.574074074074076,0.03357467281133577,0.18403958007647261,0.1824318051442235,0.85524386769317,0.9301276707712853
Endogenous_CSF1R_NM_005211.2,62.74074074074074,-0.0314638193236438,0.17455788182021054,-0.18024863154589954,0.8569573811489865,0.9301276707712853
Housekeeping_ZKSCAN5_NM_014569.3,106.20370370370371,0.021904893370553284,0.12215513300815153,0.17932028586217125,0.8576862191993934,0.9301276707712853
Endogenous_IKBKG_NM_003639.2,227.05555555555554,-0.018919975613159376,0.10657005295144362,-0.17753557485591062,0.8590877243358231,0.9301276707712853
Endogenous_GNAQ_NM_002072.2,763.1666666666666,0.02304788938080913,0.14244134063751346,0.16180618125086096,0.8714584852569097,0.9398704015949436
Endogenous_PPARG_NM_015869.3,65.48148148148148,0.0315306160739463,0.19663382505956506,0.16035194384483403,0.8726038429374604,0.9398704015949436
Endogenous_GHR_NM_000163.2,90.27777777777777,-0.04292901811465474,0.2687615223350499,-0.15972903316546014,0.8730945293679494,0.9398704015949436
Endogenous_PCNA_NM_002592.2,179.37037037037038,-0.02654632648111966,0.16958611598806714,-0.1565359659689805,0.8756105719114976,0.9407800610423153
Endogenous_HSP90B1_NM_003299.1,974.925925925926,0.015980547743542097,0.10701149007600223,0.149334877331325,0.881289395689261,0.9450779614724838
Endogenous_IL7R_NM_002185.2,232.9814814814815,0.03671331346820896,0.2528857888766558,0.14517744801435148,0.8845707711578892,0.9467934299655734
Housekeeping_VPS33B_NM_018668.3,158.0185185185185,0.016287251420313904,0.1149413469190669,0.1417005442939708,0.8873165449958672,0.9474831422275918
Endogenous_EP300_NM_001429.2,551.2962962962963,-0.01186228384553126,0.0846701297799897,-0.14009998421349656,0.8885809930660185,0.9474831422275918
Endogenous_MAP2K6_NM_002758.3,66.87037037037037,0.02281915941486094,0.17402193140348865,0.13112806662254686,0.8956739988992022,0.951380393662371
Endogenous_EFNA3_NM_004952.4,256.5925925925926,-0.034823811908787514,0.2663408552396275,-0.13074904290390013,0.8959738346940255,0.951380393662371
Endogenous_CREB3L4_NM_130898.2,385.6666666666667,-0.03330013747249786,0.2580087521100484,-0.1290659219897097,0.897305486740176,0.951380393662371
Endogenous_CDKN2B_NM_004936.3,235.77777777777777,0.028742309717786393,0.22695310466394703,0.12664426759151665,0.8992219585309256,0.9516202305505848
Endogenous_PRKCA_NM_002737.2,72.79629629629629,0.02650954990868003,0.214882712883827,0.12336753177074793,0.9018160665314681,0.9525749445726389
Endogenous_CREB5_NM_182898.2,133,0.022156815725541113,0.19070396658416258,0.11618434646330619,0.9075064424432666,0.9552678609529051
Endogenous_NFATC1_NM_172389.1,69.42592592592592,0.0191879552436079,0.1656051376381619,0.11586570028722494,0.9077589797687464,0.9552678609529051
Endogenous_PPP2R1A_NM_014225.3,1535.351851851852,0.010164879805514298,0.0906331074076108,0.11215415752876101,0.9107011767562287,0.9565760494659642
Endogenous_MTOR_NM_004958.2,256.35185185185185,0.01061054053393575,0.09958701272861058,0.10654542438029596,0.9151496170443496,0.9569318609084976
Endogenous_RAD52_NM_134424.2,164.2037037037037,-0.014440515881504667,0.13605334319813847,-0.10613863314240297,0.9154723594346755,0.9569318609084976
Endogenous_ACVR2A_NM_001616.3,176.16666666666666,-0.01541472349523428,0.15007876021285482,-0.10271089308954692,0.9181924279375315,0.9569318609084976
Endogenous_FZD8_NM_031866.1,76.5925925925926,-0.023752589982126204,0.23545777808803886,-0.10087834080063811,0.9196470369221654,0.9569318609084976
Endogenous_RHOA_NM_001664.2,1202.648148148148,-0.011809663337519323,0.11865704550286613,-0.09952770429661562,0.9207192922519346,0.9569318609084976
Endogenous_GNA11_NM_002067.1,686.0185185185185,-0.012339703666006015,0.12805783083852343,-0.09636039893230709,0.9232343427908406,0.9569318609084976
Endogenous_CACNG4_NM_014405.2,310.22222222222223,-0.037800746793879084,0.4102717698728781,-0.09213587082921053,0.9265900888495058,0.9569318609084976
Endogenous_NSD1_NM_022455.4,399.5925925925926,-0.012211164249550963,0.13366761399643398,-0.09135469605881298,0.9272107584686783,0.9569318609084976
Endogenous_NPM1_NM_002520.5,66.83333333333333,0.01443091730562699,0.15906117426950284,0.0907255800914445,0.92771064447505,0.9569318609084976
Endogenous_SMAD4_NM_005359.3,649.3148148148148,-0.00980547122133597,0.11008999518733685,-0.08906777772721575,0.9290280452370376,0.9569318609084976
Endogenous_HES1_NM_005524.2,514.5185185185185,0.01699023753538122,0.19268508954770527,0.08817619243535059,0.9297366392840999,0.9569318609084976
Endogenous_WNT2_NM_003391.2,134.33333333333334,-0.016009734016056657,0.1885758028638234,-0.08489813524812512,0.9323423742930266,0.9578626947572518
Endogenous_ATRX_NM_000489.3,516.0370370370371,0.006169833736554669,0.07542071402983395,0.0818055598640194,0.9348013347638362,0.9586396201676499
Endogenous_CASP7_NM_001227.3,167.2037037037037,0.01000289181920341,0.13033037675549292,0.07675027164211606,0.9388222114632806,0.9610125546433218
Endogenous_FZD7_NM_003507.1,330.1111111111111,0.02064739665943174,0.28606091002469497,0.07217832264341639,0.9424599961949951,0.961879632249895
Endogenous_MAP3K5_NM_005923.3,81.12962962962963,0.013483677416979038,0.18886974820778923,0.07139140886736753,0.9430862468951013,0.961879632249895
Housekeeping_CNOT4_NM_001190848.1,366.3888888888889,-0.0038610376477817283,0.07338937943298825,-0.052610305164212993,0.9580424060098379,0.9753668618147174
Endogenous_PHF6_NM_032335.3,138.44444444444446,0.006925289902987889,0.14078036184775344,0.0491921587080251,0.9607661601474667,0.9763742746624978
Endogenous_ABL1_NM_005157.3,386.68518518518516,-0.0053021456829696854,0.11494438420303084,-0.04612792281878073,0.9632082904996507,0.9769850689373176
Endogenous_CASP8_NM_001228.4,393.25925925925924,0.004454811586708736,0.11091824588044742,0.04016301872922087,0.9679631606059748,0.9769850689373176
Endogenous_AR_NM_001011645.1,565.1851851851852,0.013666916869542694,0.3436021225663328,0.03977541456224351,0.9682721770531668,0.9769850689373176
Endogenous_EPHA2_NM_004431.2,64.5,0.007620237282313298,0.19180110516201113,0.03972989246269782,0.9683084697460449,0.9769850689373176
Endogenous_PROM1_NM_006017.1,338.44444444444446,-0.015579878541000304,0.5095971434446069,-0.0305729314644281,0.9756101296173552,0.9825912396682844
Endogenous_SMO_NM_005631.3,114.88888888888889,-0.001373712167947066,0.19939168790956904,-0.006889515718278545,0.9945030052632116,0.9985042600473992
Endogenous_SP1_NM_003109.1,343.27777777777777,8.311432350895831e-4,0.1385206705013442,0.006000138694690463,0.9952126106985116,0.9985042600473992
Endogenous_GADD45B_NM_015675.2,527.1666666666666,6.564232191679368e-4,0.1602029012865755,0.004097449009326668,0.9967307178448284,0.9985042600473992
Endogenous_IDH1_NM_005896.2,299.75925925925924,-1.686158987688687e-4,0.19534604397101102,-8.63165157283098e-4,0.9993112939331014,0.9993112939331014
